一	一	yi1	one; once; a (article) (Kangxi radical 1)
二	二	er4	two (Kangxi radical 7)
三	三	san1	three
十	十	shi2	ten (Kangxi radical 24)
口	口	kou3	mouth (Kangxi radical 30); (mw for people, mouthfuls)
日	日	ri4	sun; day; date; time (Kangxi radical 72)
几	几	ji3, ji1	small table (Kangxi radical 16)
也	也	ye3	also; too, as well as
不	不	bu4	no; not
木	木	mu4	tree; wood (Kangxi radical 75)
机	機	ji1	machine; aircraft; pivot; opportunity
杯	杯	bei1	cup; (mw for drinks)
人	人	ren2	person; man; people (Kangxi radical 9)
他	他	ta1	he; him; (gender-neutral term for both sexes)
力	力	li4	power; force; strength (Kangxi radical 19)
女	女	nv3	woman; female (Kangxi radical 38)
她	她	ta1	she
子	子	zi3, zi5	son; child; 1st Earthly Branch (Kangxi radical 39); seed; (noun suffix)
好	好	hao3, hao4	good; well; nice; very; quite; be fond of
个	個	ge5, ge4	general measure word; individual
八	八	ba1	eight (Kangxi radical 12); (original meaning: separate; distinguish; all around)
儿	兒	er2	child; son (Kangxi radical 10); ; (retroflex final)
白	白	bai2	white; snowy; pure; bright; empty (Kangxi radical 106)
勺	勺	shao2	spoon; ladle
的	的	de5, di4, di2	(possessive, modifying, or descriptive particle)
四	四	si4	four
文	文	wen2	language; literature; culture; writing (Kangxi radical 67)
这	這	zhe4, zhei4	this; these
这个	這個	zhe4ge5	this
这儿	這兒	zhe4r5	here
门	門	men2	door; opening; gate; (mw for classes and languages) (Kangxi radical 169)
们	們	men5, men2	(particle forming a plural pronoun)
他们	他們	ta1men5	they; them
她们	她們	ta1men5	they; them (for females)
人们	人們	ren2men5	people
止	止	zhi3	to stop; prohibit; only (Kangxi radical 77)
正	正	zheng4, zheng1	just (right); straighten; rectify; correct; currently; at the moment; straight; pure; precisely; first lunar month
是	是	shi4	to be (is, am, are)
手	手	shou3	hand (Kangxi radical 64)
戈	戈	ge1	dagger-axe; halberd (Kangxi radical 62)
我	我	wo3	I; me
我们	我們	wo3men5	we; us
中	中	zhong1, zhong4	in the middle; medium; among; China; to hit (the mark); be hit; receive
么	麼	me5	interrogative/indefinite final particle
什	什	shen2, shi2	what; ten
什么	什麼	shen2me5	what; whatever; anything; something
什么的	什麼的	shen2me5de5	and so on; et cetera
五	五	wu3	five
七	七	qi1	seven
九	九	jiu3	nine
六	六	liu4	six
百	百	bai3	hundred
一边	一邊	yi4bian1	one side; at the same time
这边	這邊	zhe4bian1	this side; here
边	邊	bian1	side; edge; margin; (suffix in place words)
上	上	shang4	above; up; on top; get on; go up; to attend
下	下	xia4	under; below; to descend; to fall; down; next; the second (of two parts)
下边	下邊	xia4bian5	below; under; lower level
一下儿	一下兒	yi2xia4r5	a little bit/while; one time; once
马	馬	ma3	horse (Kangxi radical 187)
马上	馬上	ma3shang4	at once; immediately; right away
吗	嗎	ma5	(particle for yes/no questions)
妈	媽	ma1	ma; mom
大	大	da4, dai4	big; large; great (Kangxi radical 37)
大人	大人	da4ren5	adult
太	太	tai4	too (much); excessively; highest; greatest
太太	太太	tai4tai5	wife; title for married woman; Mrs.; Madame
夫	夫	fu1, fu2	husband; man
大夫	大夫	dai4fu5	doctor; physician
夫人	夫人	fu1ren5	lady; madam; Mrs.; wife
大小	大小	da4xiao3	size; dimension
你	你	ni3	you
你们	你們	ni3men5	you (plural)
又	又	you4	(once) again; also; both (Kangxi radical 29)
友	友	you3	friend
友好	友好	you3hao3	friendly (relations); close friends
土	土	tu3	earth; soil; land; local (Kangxi radical 32); unsophisticated
地	地	di4, de5	earth; ground;; - ly (structural particle: used before a verb or adjective, linking it to preceding modifying adverbial adjunct)
地下	地下	di4xia4	underground; subterranean; covert
在	在	zai4	be at, on, in (a place or time); exist; rest with; (indicating an action in progress)
正在	正在	zheng4zai4	in the process of (doing something); while (doing)
云	雲	yun2	cloud; Yunnan province
运	運	yun4	to move; to transport; luck
动	動	dong4	to move; to use; to act
运动	運動	yun4dong4	(physical) to exercise; movements; sports; campaign
动手	動手	dong4shou3	to get to work; to touch; to strike a blow
会	會	hui4, kuai4	can; to know how; be good at; be likely to; shall; meeting; conference; accounts
机会	機會	ji1hui4	opportunity; chance; occasion
大会	大會	da4hui4	general assembly; mass meeting; convention
一会儿	一會兒	yi2hui4r5	a while; a moment
王	王	wang2, wang4	king; (common surname) (Kangxi radical 96, variant)
玉	玉	yu4	jade (Kangxi radical 96)
国	國	guo2	country; state; nation
中国	中國	zhong1guo2	China
月	月	yue4	moon; month; (Kangxi radical 74: moon; Kangxi radical 130: flesh)
朋	朋	peng2	friend; companion
朋友	朋友	peng2you5	friend
朋友们	朋友們	peng2you3men5	friends
有	有	you3	have; there is
有的	有的	you3de5	some (exist); (there are) some (who/that are)
有力	有力	you3li4	powerful; forceful; vigorous
未	未	wei4	not yet; did not; have not (8th Earthly Branch)
妹	妹	mei4	younger sister
妹妹	妹妹	mei4mei5	younger sister
来	來	lai2	come; arrive; ever since; next
上来	上來	shang4 lai2	come up; begin; at the beginning; in sum; (verb complement indicating success or degree)
下来	下來	xia4 lai2	come down; (verb suffix indicating continuation, etc.)
了	了	le5, liao3, liao4	(particle for a new situation or completed action), finish; understand; clear
说	說	shuo1, shui4	speak; to say; to talk
语	語	yu3	dialect; language; speech
多	多	duo1	many; much; a lot of; more than
多么	多麼	duo1me5	how (wonderful, etc.); what (a great idea); to what extent
多云	多雲	duo1yun2	cloudy
名	名	ming2	name; reputation; famous; (mw for people)
外	外	wai4	outer; outside; in addition; foreign
外边	外邊	wai4bian5	outside; exterior; abroad
外语	外語	wai4yu3	foreign language
外文	外文	wai4wen2	(written) foreign language
外国	外國	wai4guo2	foreign country
在外	在外	zai4wai4	excluded; outer; outside
外人	外人	wai4ren2	stranger; outsider
外国人	外國人	wai4guo2ren2	foreigner
刀	刀	dao1	knife; blade (Kangxi radical 18)
刀子	刀子	dao1zi5	knife
分	分	fen1, fen4	divide; part; minute; cent<br/>component; share; ingredient; point
十分	十分	shi2fen1	very; extremely; one hundred percent; completely; utterly; absolutely
到	到	dao4	arrive (at a place); until (a time)
倒	倒	dao3, dao4	collapse; fall; fail; exchange<br/>invert; move backwards; pour; contrary to expectations
天	天	tian1	day; sky; heaven; weather
白天	白天	bai2tian1	daytime; during the day; day
天天	天天	tian1tian1	every day
明	明	ming2	clear; bright; light; brilliant, understand
汉	漢	han4	Han (ethnic group); Han (dynasty)
汉语	漢語	Han4yu3	Chinese (language)
另	另	ling4	another; other; separate
别	別	bie2, bie4	don't; depart; other; difference; distinguish
别的	別的	bie2de5	other
别人	別人	bie2ren2	other people; others
如	如	ru2	if; as if; such as; for example; compared to
不如	不如	bu4ru2	not as good as; inferior to; it would be better to
丁	丁	ding1	fourth; male adult; robust; cubes (of food); T-shaped; (4th Heavenly Stem) nail (primitive form)
行	行	xing2, hang2	to walk; be current; do; will do; okay; a row; series; place; a firm; (Kangxi radical 144)
不行	不行	bu4xing2	won't do; be out of the question; not ok
行动	行動	xing2dong4	to move; get around; action; operation
学	學	xue2	to study; learn; science; -ology
大学	大學	da4xue2	university; college
中学	中學	zhong1xue2	middle-school
上学	上學	shang4 xue2	go to school
文学	文學	wen2xue2	literature
车	車	che1, ju1	car; vehicle; machine (Kangxi radical 159); (written) chariot
连	連	lian2	connect; link; in succession; even
开	開	kai1	to open; to start; to turn on; to operate (a vehicle)
开学	開學	kai1xue2	start school; begin a term
开车	開車	kai1che1	to drive (a vehicle)
去	去	qu4	go; go to (a place); send; cause to go; remove; get rid of; depart from
上去	上去	shang4qu5	go up
下去	下去	xia4qu4	go down; descend; to go on (continue) 
法	法	fa3	law; method; way
法语	法語	Fa3yu3	French (language)
法文	法文	Fa3wen2	French (language)
语法	語法	yu3fa3	grammar
耳	耳	er3	ear (Kangxi radical 128)
取	取	qu3	to take; get; choose
千	千	qian1	thousand
前	前	qian2	before; in front; forward
前边	前邊	qian2bian5	in front; ahead
安	安	an1	peaceful; calm; safe; content; settle; stabilize
天安门	天安門	Tian1'an1men2	Tiananmen; Gate of Heavenly Peace
字	字	zi4	word; letter; character
汉字	漢字	Han4zi4	Chinese character
名字	名字	ming2zi5	a name
目	目	mu4	eye; item; section (Kangxi radical 109)
目前	目前	mu4qian2	at present; now; for the moment
自	自	zi4	from; since; self (Kangxi radical 132)
自动	自動	zi4dong4	automatic
自行车	自行車	zi4xing2che1	bike; bicycle
咱	咱	zan2, za2	we; us; our
咱们	咱們	zan2men5	we; us; our
阳	陽	yang2	positive (electricity); male; sun
太阳	太陽	tai4yang2	the sun
阴	陰	yin1	yin (principle); the moon; negative; secret; shade; cloudy
阴天	陰天	yin1tian1	overcast; cloudy day
那	那	na4, nei4	that; in that case; then
那个	那個	na4ge5	that one
那么	那麼	na4me5	well... ; in that case; like that; in that way; so very much
那儿	那兒	na4r5	there; that place (Beijing accent)
那边	那邊	na4bian5	that side; that place; over there
哪	哪	na3, nei3, na5	which; how
哪儿	哪兒	na3r5	where; wherever (northern China)
哪个	哪個	na3ge5	which (also nǎ-)
西	西	xi1	West (Kangxi radical 146)
西边	西邊	xi1bian5	west; west side; west of
西安	西安	Xi1'an1	Xi'an, capital of Shaanxi Province
要	要	yao4, yao1	to want; to need; will/shall; important; demand; request
不要	不要	bu2yao4	don't ...; don't want...
要是	要是	yao4shi5	if; suppose; in case
酒	酒	jiu3	wine; liquors; spirits
酒杯	酒杯	jiu3bei1	wine glass (or cup)
从	從	cong2	from; follow; since; obey; observe
从前	從前	cong2qian2	previously; formerly; in the past; once upon a time
自从	自從	zi4cong2	since; ever since
村	村	cun1	village; rustic; boorish
村子	村子	cun1zi5	village; hamlet
时	時	shi2	time; o'clock; when
小时	小時	xiao3shi2	hour
有时	有時	you3shi2	sometimes; now and then; at times
过	過	guo4	to pass; to cross; go over; celebrate; (indicates a past experience)
过来	過來	guo4 lai5	come here; come over; be able to handle
过去	過去	guo4qu4	in the past; formerly; go over
身	身	shen1	body; torso; person (Kangxi radical 158)
动身	動身	dong4 shen1	go on a journey; leave
身边	身邊	shen1bian1	at or by one's side
谢	謝	xie4	thank; wither (plants); surname Xie
谢谢你	謝謝你	xie4xie5ni3	thank you
家	家	jia1	family; home; household; MW for businesses
大家	大家	da4jia1	everyone; everybody
国家	國家	guo2jia1	country; state; nation
山	山	shan1	mountain; hill; peak (Kangxi radical 46)
羊	羊	yang2	sheep (Kangxi radical 123)
小羊	小羊	xiao3 yang2	lamb
山羊	山羊	shan1yang2	goat; buck (sport)
样	樣	yang4	appearance; shape; form; manner; sample; model; pattern; tendency; likelihood
那样	那樣	na4yang4	that kind; that sort
样子	樣子	yang4zi5	manner; air; style; appearance; looks
一样	一樣	yi2yang4	the same; alike; equal to
这样	這樣	zhe4yang4	this way; this (kind of, sort of); like this
班	班	ban1	team; class; squad; shift
上班	上班	shang4ban1	go to work; be on duty; start work; go to the office
下班	下班	xia4 ban1	get off work; finish work
出	出	chu1	go out; occur
出来	出來	chu1lai2	come out; emerge
出去	出去	chu1qu4	go out
出口	出口	chu1kou3	to speak; to utter; ; exit; way out; ; to export; (of ships) to leave port;; exhaust; outfall; outlet; egress; discharge point; vent
岁	歲	sui4	years old; age
旦	旦	dan4	dawn; morning; day-break
但	但	dan4	but; yet; however
但是	但是	dan4shi4	but; however
不但	不但	bu2dan4	not only
得	得	de2, dei3, de5	obtain; must; (complement particle)
得到	得到	de2dao4	get; obtain
取得	取得	qu3de2	obtain; acquire; to gain
公	公	gong1	public; fair; honorable (designation); international; male (animal)
公开	公開	gong1kai1	public; make public
以	以	yi3	to use; according to; so as to; for; by
以前	以前	yi3qian2	before; formerly; previously
以外	以外	yi3wai4	beyond; apart from; other than; except for
之	之	zhi1	(literary equivalent to 的); (pronoun); of
分之	分之	fen1zhi1	(indicating a fraction)
之前	之前	zhi1 qian2	before; prior to; ago
之下	之下	zhi1 xia4	(formal) under; beneath; less than
之中	之中	zhi1 zhong1	inside; in; in the process of
为	為	wei2, wei4	be; become; for; on account of
为了	為了	wei4le5	in order to; for the sake of; for the purpose of
以为	以為	yi3wei2	think (mistakenly); consider (that); believe
为什么	為什麼	wei4shen2me5	why
办	辦	ban4	to do; to manage; to handle; to set up
办法	辦法	ban4fa3	way (of doing sth.); means; measure; method
办公	辦公	ban4 gong1	to work; handle official business
干	干	gan1	to concern; shield (Kangxi radical 51)
干杯	乾杯	gan1bei1	drink a toast; cheers!; bottoms up!
干吗	幹嗎	gan4ma2	what's going on?; what are you doing?; whatever for?
午	午	wu3	noon (7th Earthly Branch)
上午	上午	shang4wu3	morning (before noon)
中午	中午	zhong1wu3	noon; midday
下午	下午	xia4wu3	afternoon
禾	禾	he2	grain (Kangxi radical 115)
和	和	he2, huo4, huo2, he4	1. and; with; harmony; peace; 2. <br/>mix together;<br/>soft; warm;<br/>join in the singing
和好	和好	he2hao3	reconcile
母	母	mu3	mother; female (Kangxi radical 80)
母语	母語	mu3yu3	native/mother tongue
字母	字母	zi4mu3	letter (of the alphabet)
每	每	mei3	each; every
每天	每天	mei3tian1	every day; daily
每每	每每	mei3mei3	often
海	海	hai3	ocean; sea
海边	海邊	hai3bian1	seaside
上海	上海	Shang4hai3	Shanghai, China
用	用	yong4	to use (Kangxi radical 101)
不用	不用	bu2yong4	need not; no need for...
有用	有用	you3yong4	useful
半	半	ban4	half; semi-; incomplete
半天	半天	ban4tian1	half a day; a long time
多半	多半	duo1ban4	for the most part; mostly; most likely
利	利	li4	advantage; benefit; profit; sharp
利用	利用	li4yong4	make use of; exploit; take advantage of
有力	有力	you3li4	powerful; forceful; vigorous
生	生	sheng1	to be born; to give birth; to start (a fire); to grow; to be afflicted with; raw; uncooked; life; student (Kangxi radical 100)
生日	生日	sheng1ri4	birthday
出生	出生	chu1sheng1	be born
学生	學生	xue2sheng1	student
女生	女生	nv3sheng1	female student; schoolgirl; girl
胜	勝	sheng4	victorious; success; to win; to beat
胜利	勝利	sheng4li4	victory; triumph
名胜	名勝	ming2sheng4	a place famous for its scenery or historical relics; well-known scenic spot
姓	姓	xing4	surname; family name
姓名	姓名	xing4ming2	full name
星	星	xing1	star; heavenly body; satellite; small amount
星星	星星	xing1xing5	star; (also -xīng: speck)
明星	明星	ming2xing1	(movie, etc.) star; celebrity
先	先	xian1	first; early; before
先生	先生	xian1sheng5	Mr.; Sir; husband
告	告	gao4	to tell; inform; to say
告别	告別	gao4bie2	say goodbye; take leave
洗	洗	xi3	to wash; bathe
干洗	乾洗	gan1xi3	to dry-clean
可	可	ke3	can; may; able to; but; approve; very
可以	可以	ke3yi3	can; may; possible; okay
可是	可是	ke3shi4	but; however; (used for emphasis) indeed/really
河	河	he2	river
运河	運河	yun4he2	canal
星河	星河	xing1he2	galaxy
何	何	he2	why; what; how; where; which
啊	啊	a1, a2, a3, a4, a5	ah; (particle showing elation, doubt, puzzled surprise, or approval)
首	首	shou3	head; chief; first; (mw for poems and songs) (Kangxi radical 185)
首先	首先	shou3xian1	first (of all); in the first place; firstly
道	道	dao4	way; direction; method; road; Dao(ism); MW for long thin things (rivers)
一道	一道	yi2dao4	together; alongside
人行道	人行道	ren2xing2dao4	sidewalk
发	發	fa1	send out; to issue; to show (one's feelings); to develop
出发	出發	chu1fa1	start out; set off
发出	發出	fa1chu1	send out; to issue (an order, a sound, etc.); to produce (a sound)
发明	發明	fa1ming2	invent; invention
发生	發生	fa1sheng1	happen; occur; take place
公	公	gong1	public; fair; honorable (designation); international; male (animal)
工人	工人	gong1ren2	worker
工会	工會	gong1hui4	labor union; trade union
江	江	jiang1	large river; Yangtze (abbrev.); a surname
江山	江山	jiang1shan1	land; territory
厂	厂	han3, chang3	cliff face (Kangxi radical 27); factory
工厂	工廠	gong1chang3	factory
后	后	hou4	empress; queen  
后边	後邊	hou4bian5	back; rear; behind; latter
以后	以後	yi3hou4	after; afterwards; later
后天	後天	hou4tian1	the day after tomorrow
而	而	er2	and; but; yet; while (Kangxi radical 126)
从而	從而	cong2'er2	thus; thereby; as a result
而后	而後	er2hou4	after that; moreover
找	找	zhao3	look for; seek; give change
找到	找到	zhao3dao4	to find
打	打	da3, da2	Hit, make, mix, deal with
打动	打動	da3dong4	to move (emotionally); touching
打倒	打倒	da3 dao3	to knock/beat down; to overthrow; Down with...!
对	對	dui4	correct; a pair; to face; be opposite; to; towards
对手	對手	dui4shou3	opponent; adversary; match
对了	對了	dui4le5	right; correct; yes; by the way
树	樹	shu4	tree
树干	樹幹	shu4gan4	tree trunk
男	男	nan2	male
男人	男人	nan2ren2	man; male; menfolk; husband; "hubby"
里	里	li3	Chinese mile (~.5 km); neighborhood (Kangxi radical 166)
里边	裡邊	li3bian5	inside; in; within; interior
这里	這裡	zhe4li3	here
哪里	哪裡	na3li3	where;  wherever; how could it be (humble denial of compliment)
公里	公里	gong1li3	kilometer
理	理	li3	texture, grain, reason, logic; science; to manage...
道理	道理	dao4li5	principle; reason; sense; argument
电	電	dian4	electricity; electrical
电车	電車	dian4che1	trolleybus; tram
同	同	tong2	same; similar; together; with
同时	同時	tong2shi2	at the same time; simultaneously
同学	同學	tong2xue2	fellow student; schoolmate
不同	不同	bu4tong2	different; distinct; not the same
同样	同樣	tong2yang4	same; similar; equal; equivalent
心	心	xin1	heart; mind (Kangxi radical 61)
安心	安心	an1xin1	at ease; relieved
中心	中心	zhong1xin1	centre; heart; core
用心	用心	yong4xin1	motive; intention; attentively; diligently
小心	小心	xiao3xin1	be careful
必	必	bi4	(inevitably) certainly; must; necessarily; will
必要	必要	bi4yao4	necessary; essential; indispensable
不必	不必	bu2bi4	need not; does not have to; not necessarily
相	相	xiang1, xiang4	each other; mutually; size up by appearance; appearance; posture; Japanese government minister
相同	相同	xiang1tong2	identical; same; alike
想	想	xiang3	think; believe; suppose; would like to; remember with longing; to miss
理想	理想	li3xiang3	a dream; an ideal; perfection; ideal; perfect; desirable
想法	想法	xiang3fa3	idea; way of thinking; opinion; to think of a way
想一下	想一下	xiang3yi5xia4	give it some thought; to think
思	思	si1	think; consider
思想	思想	si1xiang3	thought; thinking; idea; ideology
今	今	jin1	now; at present; today; modern
今天	今天	jin1tian1	today; at the present; now
今后	今後	jin1hou4	from now on; in the future
念	念	nian4	read aloud; to study; to miss or think of somebody
想念	想念	xiang3nian4	to miss; remember with longing; long to see again
年	年	nian2	year
今年	今年	jin1nian2	this year
去年	去年	qu4nian2	last year
明年	明年	ming2nian2	next year
没	沒	mei2, mo4	not have; there is not; (negative verb prefix)<br/>to drown; submerge
没有	沒有	mei2you3	not have; there is not; haven't; hasn't
没用	沒用	mei2 yong4	useless
广	广	guang3, yan3	[shelter - only radical] sloping roof; wide; spread (Kangxi radical 53; relates to buildings or places)
广大	廣大	guang3da4	vast; extensive
广告	廣告	guang3gao4	advertisement; a commercial
床	床	chuang2	bed; couch; mv for blankets, duvets or sheets
河床	河床	he2chuang2	riverbed
机床	機床	ji1chuang2	machine tools
床上	床上	chuang2shang5	in bed
长	長	chang2, zhang3	long; length<br/>grow; chief (Kangxi radical 168)
长江	長江	Chang2jiang1	the Yangtze River; the Changjiang River
长大	長大	zhang3da4	grow up
生长	生長	sheng1zhang3	grow; grow up; growth
班长	班長	ban1zhang3	class monitor; team leader
弓	弓	gong1	bow (weapon) (Kangxi radical 57)
张	張	zhang1	(mw for flat objects); open; expand; (common surname); sheet or piece of paper (like a ticket)
本	本	ben3	(mw for books); root or stem of plants; origin; this
本子	本子	ben3zi5	book; notebook; edition
本来	本來	ben3lai2	originally; at first
本地	本地	ben3di4	local
日本	日本	Ri4ben3	Japan
体	體	ti3	body; form; style
身体	身體	shen1ti3	health; (human) body
个体	個體	ge4ti3	individual
书	書	shu1	book; letter
书法	書法	shu1fa3	calligraphy; penmanship
立	立	li4	to stand; to set up (Kangxi radical 117)
自立	自立	zi4li4	support oneself; stand on one's own feet; self-reliant
树立	樹立	shu4li4	set up; establish
位	位	wei4	position; location; (polite mw for people)
地位	地位	di4wei4	position; status; standing
拉	拉	la1, la2, la4	to pull; to play (string instruments); to drag; to slash; to chat; to leave something behind inadvertently
啦	啦	la5, la1, la2	sentence-final particle: a contraction of 了 (le) and 啊 (a); (onomatopoeia);; Indicates exclamation
火	火	huo3	fire (Kangxi radical 86); urgent; hot (popular); fiery
火车	火車	huo3che1	train
灯	燈	deng1	lamp; light
电灯	電燈	dian4deng1	electric light
占	占	zhan4, zhan1	occupy; seize; constitute, to divine; fortune telling
站	站	zhan4	stand; a station; be on one's feet; service center
车站	車站	che1zhan4	(bus, train, etc.) stop; station
点	點	dian3	spot; drop; dot; point; a bit; a little; o'clock; to order (in a restaurant); to light; to ignite
点心	點心	dian3xin5	dim sum; light refreshments; snacks; dessert
地点	地點	di4dian3	place; site; location
一点儿	一點兒	yi4dian3r5	a bit; a few; a little
有点儿	有點兒	you3dian3r5	a little; some; rather; a bit
店	店	dian4	shop; store; inn
书店	書店	shu1dian4	bookstore
酒店	酒店	jiu3dian4	hotel; wine shop; liquor store
果	果	guo3	fruit; result
如果	如果	ru2guo3	if; in the event that
后果	後果	hou4guo3	consequences; aftermath
棵	棵	ke1	(mw for plants)
课	課	ke4	class; subject; lesson; course
课文	課文	ke4wen2	text (of a lesson)
上课	上課	shang4ke4	attend class; give a lesson; go to class
课本	課本	ke4ben3	textbook
下课	下課	xia4 ke4	to finish class
政	政	zheng4	government; politics; affairs of a family
古	古	gu3	ancient; old
故	故	gu4	happening; reason; hence; former
姑	姑	gu1	aunt; father's sister; husband's sister; husband's mother
姑姑	姑姑	gu1gu5	paternal aunt; father's sister
胡	胡	hu2	recklessly; non-Han people; why?
湖	湖	hu2	lake
克	克	ke4	gram; overcome; restrain
马克	馬克	ma3ke4	Mark (name); mark (German or Finnish monetary unit)
辛	辛	xin1	bitter; hot; suffering (8th heavenly stem) (Kangxi radical 160)
亲	親	qin1	dear; intimate; closely related; kiss
母亲	母親	mu3qin5	mother (formal)
亲自	親自	qin1zi4	personally; in person; oneself
产	產	chan3	to give birth; to reproduce; to produce; product; resource; estate; property
生产	生產	sheng1chan3	to produce; manufacture; give birth
产生	產生	chan3sheng1	to produce; emerge; give rise to
卡	卡	ka3, qia3	card; calorie<br/>get stuck
卡车	卡車	ka3che1	truck
还	還	hai2, huan2	still; yet; in addition; even.; repay; to return
还是	還是	hai2shi5	or (for questions only); still; yet; nevertheless; had better
看	看	kan4, kan1	see; look at; to watch; regard<br/>watch over; look after
好看	好看	hao3kan4	good-looking; nice-looking; attractive; interesting; good (of a movie, book, TV show, etc.)
看来	看來	kan4lai2	apparently; it seems; it appears
看法	看法	kan4fa3	point of view; opinion
讨	討	tao3	ask for; demand; beg for; denounce
回	回	hui2	to return; go back; turn around; to reply; occasion (mw for matters or actions); the Hui nationality
回来	回來	hui2lai2	to return; come back
回去	回去	hui2 qu4	return; go back
来回	來回	lai2hui2	make a round trip; return journey
接	接	jie1	receive; connect; to meet; to pick up (sb.); to answer (the phone)
差	差	cha4, cha1, chai1	poor; to lack<br/>difference<br/>to dispatch
差不多	差不多	cha4bu5duo1	almost; about the same
差点儿	差點兒	cha4dian3r5	almost; nearly; barely
着	着	zhe5, zhao2, zhuo2, zhao1	-ing (indicating action in progress)<br/>to touch; to feel; to wear; apply; to catch
接着	接着	jie1zhe5	then; immediately following; continuing; to catch
能	能	neng2	can; be able; capable; energy; ability
可能	可能	ke3neng2	possible; maybe
能干	能幹	neng2gan4	capable; competent
能力	能力	neng2li4	capability; capable; ability
作	作	zuo4	do; make; regard as; act as; write
工作	工作	gong1zuo4	work; a job
作文	作文	zuo4 wen2	write an essay; essay
昨	昨	zuo2	yesterday; the past
昨天	昨天	zuo2tian1	yesterday
左	左	zuo3	the left side; left
左边	左邊	zuo3bian5	left side
左手	左手	zuo3shou3	left hand; the left-hand side
做	做	zuo4	do; make; to produce; be; to cook; write
做法	做法	zuo4fa3	way of doing or making things; work method; practice
坐	坐	zuo4	to sit; to travel by; to take
坐班	坐班	zuo4ban1	work/keep office hours; on duty
座	座	zuo4	(mw for mountains, bridges, tall buildings, etc.);; seat; base; stand; constellation
座位	座位	zuo4wei4	a seat; a place
右	右	you4	the right side; to the right
右边	右邊	you4bian5	the right (directional) side
右手	右手	you4shou3	right hand
左右	左右	zuo3you4	about; approximate; around; left and right
见	見	jian4	see; meet; appear to be ; (Kangxi radical 147)
看见	看見	kan4jian4	see; catch sight of
会见	會見	hui4jian4	meet with; see visitors
接见	接見	jie1jian4	to receive (a visitor); to grant an interview
现	現	xian4	to appear; to display; present; current; at the time
出现	出現	chu1xian4	appear; arise; emerge
现在	現在	xian4zai4	now
发现	發現	fa1xian4	discover; to find
观	觀	guan1, guan4	look at; observe; point of view; outlook; wait; see; Taoist monastery （guan4)
观点	觀點	guan1dian3	point of view; standpoint
再	再	zai4	again; once more; then
再见	再見	zai4jian4	goodbye; see you later
再说	再說	zai4shuo1	furthermore; besides; repeat; say again
苦	苦	ku3	bitter; hardship; suffering; pain; cause sb. suffering; suffer from; painstakingly
辛苦	辛苦	xin1ku3	hard; exhausting; toilsome; laborious
内	內	nei4	inside; inner; internal; within
以内	以內	yi3nei4	within; less than
在内	在內	zai4nei4	included
呐	吶	na4, ne5	shout; (particle expressing question, affirmation, or continuation)
肉	肉	rou4	meat; flesh (Kangxi radical 130)
羊肉	羊肉	yang2rou4	mutton; lamb
两	兩	liang3	two (cardinal number); both; (unit of weight equal to 50 grams)
辆	輛	liang4	(mw for vehicles)
俩	倆	lia3, liang3	(colloquial) two (people); some; both
满	滿	man3	full; orig. plentiful; abundant<br/>
满分	滿分	man3fen1	full marks; highest score
互	互	hu4	mutual; reciprocally
互相	互相	hu4xiang1	mutual; each other
相互	相互	xiang1hu4	mutual; reciprocal; each other
它	它	ta1	it
它们	它們	ta1men5	they; them (for things)
比	比	bi3	compare; (indicates comparison) (Kangxi radical 81); to gesticulate as one talks
比如	比如	bi3ru2	for example; for instance; such as
对比	對比	dui4bi3	compare; to contrast; comparison
批	批	pi1	criticize; to comment; wholesale; (mw for batches, lots, etc.)
大批	大批	da4pi1	large quantities of; a great deal of
切	切	qie1, qie4	to cut; to slice; rip off<br/>correspond to; absolutely; ardently
一切	一切	yi2qie4	all; every; everything
亲切	親切	qin1qie4	kind; amiable; cordial
司	司	si1	oversee; control; manage; operate;  department; head of a (government) department; surname
词	詞	ci2	word; term; statement; classical Chinese poetry using a set pattern
生词	生詞	sheng1ci2	new vocabulary word
名词	名詞	ming2ci2	noun; term; name
动词	動詞	dong4ci2	verb
典	典	dian3	a standard; ceremony; allusion; to mortgage; canon
词典	詞典	ci2dian3	dictionary
字典	字典	zi4dian3	character dictionary
红	紅	hong2	red; symbol of success; bonus; popular
红海	紅海	hong2hai3	the Red Sea
细	細	xi4	fine; delicate; thin; slender
细心	細心	xi4xin1	careful; attentive; cautiousness; meticulous
其	其	qi2	his; her; its; their; he; she; it; that; such; (marking question, emphasis, imperative)
其他	其他	qi2ta1	other; else {the others, the remaining…}
期	期	qi1, qi2, ji1	period of time; phase; stage, [due] entire, whole (year or month)
星期	星期	xing1qi1	week
日期	日期	ri4qi1	date (time period)
长期	長期	chang2qi1	long term; long time
学期	學期	xue2qi1	semester; school term
基	基	ji1	base; foundation; basic
基本	基本	ji1ben3	basic; fundamental
基础	基礎	ji1chu3	base; foundation
犬	犬	quan3	dog (Kangxi radical 94)
尤	尤	you2	outstanding; particularly; especially
尤其	尤其	you2qi2	especially; particularly
京	京	jing1	capital (of a country); Beijing (abbr.)
就	就	jiu4	then; at once; just; only; with regard to; exactly; precisely
就是	就是	jiu4shi4	exactly so; be exactly
斤	斤	jin1	axe; catty (weight unit equal to 0.5 kilograms) (Kangxi radical 69)
公斤	公斤	gong1jin1	kilogram
近	近	jin4	near; close (to)
近来	近來	jin4lai2	recently; lately
接近	接近	jie1jin4	near; to be close to; to approach
听	聽	ting1	listen; hear; heed
听见	聽見	ting1jian4	to hear
听说	聽說	ting1shuo1	to hear of
新	新	xin1	new
新年	新年	xin1nian2	New Year
经	經	jing1	classics; scripture; pass through; experience; warp; longitude
经过	經過	jing1guo4	to pass; go through; as a result of
经理	經理	jing1li3	manager; director
轻	輕	qing1	light; easy; gentle; soft
年轻	年輕	nian2qing1	young
头	頭	tou2	head; the first; leading; (mw for larger livestock)
买	買	mai3	to buy
买不到	買不到	mai3bu5dao4	unable to buy; unavailable
卖	賣	mai4	to sell
买卖	買賣	mai3mai5	trade; buying and selling; business dealings
读	讀	du2, dou4	to read; to study<br/>comma; phrase marked by pause
读书	讀書	du2 shu1	to study; read; attend school
实	實	shi2	real; true; honest; solid
实现	實現	shi2xian4	achieve; implement; realize
实用	實用	shi2yong4	practical; pragmatic; functional
实行	實行	shi2xing2	to implement; put into practice; carry out
实在	實在	shi2zai4	really; in truth; honest; dependable 
旨	旨	zhi3	imperial decree; edict; aim; purpose
指	指	zhi3	finger; to point; refer to
手指	手指	shou3zhi3	finger
指出	指出	zhi3chu1	indicate; point out
论	論	lun4, lun2	to discuss; to mention; per; take into account; theory; the Analects (of Confucius)
讨论	討論	tao3lun4	discuss; talk over
论文	論文	lun4wen2	thesis; paper; treatise
认	認	ren4	recognize; know; admit
认为	認為	ren4wei2	believe; think (that); consider; to feel
认得	認得	ren4de5	recognize; know; remember
只	只	zhi3	only; merely; just; but
只好	只好	zhi3hao3	have to; be forced to; have no choice but to
只要	只要	zhi3yao4	so long as; if only; provided that
只是	只是	zhi3shi4	only; merely; but 
只有	只有	zhi3you3	only; only if; can only; only has
织	織	zhi1	weave; knit
识	識	shi2	to know; recognize; knowledge; experience
认识	認識	ren4shi5	know; recognize; acquainted with (a person)
音	音	yin1	sound; news; syllable (Kangxi radical 180)
语音	語音	yu3yin1	speech sounds; pronunciation; voice
口音	口音	kou3yin1	accent
意	意	yi4	meaning; thought; wish; expect
满意	滿意	man3yi4	satisfied; pleased
意见	意見	yi4jian4	opinion; view; suggestion; complaint
同意	同意	tong2yi4	agree; consent; approve
意思	意思	yi4si5	meaning; idea; opinion
有意思	有意思	you3yi4si5	interesting; meaningful; enjoyable; fun  
没意思	沒意思	mei2 yi4si5	boring; dull
成	成	cheng2	finish; complete; accomplish; to turn into; to become
成长	成長	cheng2zhang3	to mature; grow up; growth
成就	成就	cheng2jiu4	accomplishment; achievement; success
成果	成果	cheng2guo3	result; achievement; gain
成立	成立	cheng2li4	establish; to found; to set up
城	城	cheng2	city; town; city walls
长城	長城	chang2cheng2	the Great Wall of China
城里	城裡	cheng2li3	inside the city; downtown
者	者	zhe3	one who (does something); -er; -ist; (person); specialist 
作者	作者	zuo4zhe3	author; writer
读者	讀者	du2zhe3	reader (of books, newspaper, etc)
都	都	dou1, du1	all; both<br/>capital; metropolis
首都	首都	shou3du1	capital (city)
猪	豬	zhu1	pig; swine
猪肉	豬肉	zhu1rou4	pork
老	老	lao3	old; aged; tough; often; always (Kangxi radical 125)
老儿	老兒	lao3'er2	father; husband; old man
老实	老實	lao3shi5	honest; sincere; naive; simpleminded
老人	老人	lao3ren2	old people; the aged; one's aged parents or grandparents
老百姓	老百姓	lao3bai3xing4	ordinary people; the "person on the street"; civilians
教	教	jiao1, jiao4	to teach; instruct<br/>religion; teaching
教学	教學	jiao4xue2	education; teach (school)
然	然	ran2	correct; thus; so; like that; however
然后	然後	ran2hou4	then; afterwards
自然	自然	zi4ran2	nature; natural; naturally
必然	必然	bi4ran2	inevitable; certain; necessary
不然	不然	bu4ran2	otherwise; if not; not so
孝	孝	xiao4	filial piety; obedience
当	當	dang1, dang4	should; act as; manage; match, appropriate; assume; pawn
当然	當然	dang1ran2	of course; naturally
当前	當前	dang1qian2	facing one; current; today's; modern; present
当地	當地	dang1di4	local
当做	當做	dang4zuo4	treat as; regard as
当时	當時	dang1shi2	then; at that time; while
当年	當年	dang1nian2	in those days; then; in those years (also dàng-: the same year, that very year)
呢	呢	ne5, ni2	(modal particle ending a question); how about...?; what about...? 
户	戶	hu4	household; door; family; bank account; (Kangxi radical 63)
所	所	suo3	place; office; that which; (mw for houses, buildings, facilities)
所以	所以	suo3yi3	so; therefore; as a result
所有	所有	suo3you3	all; to have; to possess
己	己	ji3	self (6th Heavenly Stem) (Kangxi radical 49)
自己	自己	zi4ji3	oneself; self
记	記	ji4	to remember; to record; to note
记者	記者	ji4zhe3	reporter; journalist
日记	日記	ri4ji4	diary
纪	紀	ji4, ji3	age; period; record; annals; chronicles<br/>surname
年纪	年紀	nian2ji4	age
纪念	紀念	ji4nian4	commemorate; remember
已	已	yi3	to stop; already; afterwards (Kangxi radical 49, var. 1)
已经	已經	yi3jing1	already
巳	巳	si4	embryo (6th Earthly Branch) (Kangxi radical 49, var. 2)
走	走	zou3	to walk; to go; to move (Kangxi radical 156)
走道	走道	zou3dao4	sidewalk; pavement; path; aisle
走动	走動	zou3dong4	walk about; stretch one's legs; visit each other
起	起	qi3	to rise; to raise; get up
起床	起床	qi3chuang2	get up; get out of bed
一起	一起	yi4qi3	together; in the same place
起来	起來	qi3lai2	(beginning or continuing an action); to rise; get up (from bed)
对不起	對不起	dui4bu5qi3	sorry
导	導	dao3	to lead; to guide; transmit; instruct
指导	指導	zhi3dao3	to guide; supervise; give directions
钟	鐘	zhong1	clock; bell
点钟	點鐘	dian3zhong1	o'clock
钟头	鐘頭	zhong1tou2	hour (in spoken Chinese)
分钟	分鐘	fen1zhong1	minute; (mw for time)
种	種	zhong3, zhong4	type; breed; race; seed<br/>to plant
种子	種子	zhong3zi5	seed
足	足	zu2	foot; enough; ample; to be sufficient  (Kangxi radical 157)
满足	滿足	man3zu2	satisfied; contented; satisfy; meet the needs of
很	很	hen3	very; rather; quite
根	根	gen1	root; base; (mw for long, slender objects)
根本	根本	gen1ben3	root; essence; fundamental; basic; simply
跟	跟	gen1	to follow; with; to; from; and; heel
跟前	跟前	gen1qian2	the front (of) / (in) front / (in) sb's presence / just before (a date)
眼	眼	yan3	eye
眼前	眼前	yan3qian2	now; at present; before one's eyes
银	銀	yin2	Silver (chemistry); silver colored; related to money or currency
银行	銀行	yin2hang2	financial bank
娘	娘	niang2	mother; mom; woman; young lady; (coll.) effeminate
姑娘	姑娘	gu1niang5	young woman; girl
食	食	shi2	eat; food (Kangxi radical 184)
食用	食用	shi2yong4	edible; food product
饿	餓	e4	hungry
问	問	wen4	ask; inquire
问好	問好	wen4 hao3	say hello to; send one's regards to
闻	聞	wen2	hear; to smell; news; reputation
新闻	新聞	xin1wen2	news
方	方	fang1	square; direction; side; surname (Kangxi radical 70)
方法	方法	fang1fa3	method; way; means
四方	四方	si4fang1	four-way; four sided; all directions
西方	西方	xi1fang1	the West; Western countries
对方	對方	dui4fang1	counterpart; the other party involved
地方	地方	di4fang5	place; space; room; part
立方	立方	li4fang1	cube; (mw cubic units of measure)
比方	比方	bi3fang5	instance; analogy; example
访	訪	fang3	to visit; inquire; investigate
访问	訪問	fang3wen4	visit; call on; interview
房	房	fang2	house; building; room
房子	房子	fang2zi5	house; building
放	放	fang4	put; to place; to release; to free
旁	旁	pang2	sides, beside
旁边	旁邊	pang2bian1	side; beside; next to
两旁	兩旁	liang3pang2	both sides; either sides
万	萬	wan4	ten thousand
百万	百萬	bai3wan4	million
万能	萬能	wan4neng2	omnipotent; all-powerful; universal; all-purpose
万岁	萬歲	wan4sui4	long live
主	主	zhu3	owner; host; master
主要	主要	zhu3yao4	main; principal; major
主意	主意	zhu3yi5	plan; idea; decision
主观	主觀	zhu3guan1	subjective
主动	主動	zhu3dong4	take initiative; be proactive
主人	主人	zhu3ren2	master; host; owner
买主	買主	mai3zhu3	buyer
住	住	zhu4	to live; reside; to stop
住口	住口	zhu4kou3	Shut up!
注	注	zhu4	pour; concentrate; (mw for deals and sums of money)<br/>annotate; comment on
注意	注意	zhu4yi4	pay attention to; take notice of; be careful
往	往	wang3	go (in a direction); toward; in the past
往往	往往	wang3wang3	often; frequently; more often than not
已往	已往	yi3wang3	in the past
元	元	yuan2	Chinese monetary unit; dollar; first; principal
公元	公元	gong1yuan2	(year) AD or CE
日元	日元	Ri4yuan2	Japanese yen
园	園	yuan2	garden
公园	公園	gong1yuan2	public park
远	遠	yuan3	far; distant; remote
远亲	遠親	yuan3qin1	distant relative
远近	遠近	yuan3jin4	distance; far and near
玩	玩	wan2	to play; have a good time; visit; enjoy
玩儿	玩兒	wan2r5	to play; have fun
好玩儿	好玩兒	hao3wan2r5	amusing; fun; interesting; delightful
完	完	wan2	finish; be over; complete
完成	完成	wan2cheng2	to complete; accomplish; fulfill
用完	用完	yong4wan2	to use up
院	院	yuan4	courtyard; institution
学院	學院	xue2yuan4	college; institute; academy; school
住院	住院	zhu4yuan4	be hospitalized
院子	院子	yuan4zi5	courtyard; yard
南	南	nan2	South
南边	南邊	nan2bian5	South; South side; location to the South
南海	南海	Nan2hai3	the South China Sea
幸	幸	xing4	lucky; rejoice; fortunately
平	平	ping2	flat; level; equal; ordinary
平安	平安	ping2'an1	safe and sound; without mishap
和平	和平	he2ping2	peace
平方	平方	ping2fang1	square (math or measurement)
不平	不平	bu4ping2	injustice; unfairness; wrong
苹	蘋	ping2	apple
苹果	蘋果	ping2guo3	apple
评	評	ping2	discuss; to comment; criticize
批评	批評	pi1ping2	criticism; to criticize
事	事	shi4	matter; affair; thing; event; trouble; accident; job; work; responsibility; involvement
故事	故事	gu4shi5	story; tale
做事	做事	zuo4shi4	to work; to handle affairs; to have a job
办事	辦事	ban4shi4	to handle (affairs); to work
事实	事實	shi4shi2	fact
没事儿	沒事兒	mei2shi4r5	it doesn't matter; no problem; be free from work
面	面	mian4	face; aspect; side; noodle; flour (Kangxi radical 176)
见面	見面	jian4mian4	meet/see somebody (face to face); meeting
方面	方面	fang1mian4	aspect; field; side; respect
外面	外面	wai4mian4	outside
前面	前面	qian2mian5	in front; fore; ahead; preceding
对面	對面	dui4mian4	opposite; across from; the other side
地面	地面	di4mian4	floor; ground; surface
此	此	ci3	this; these
些	些	xie1	some; few; several; (mw for indefinite amount)
那些	那些	na4xie1	those
一些	一些	yi4xie1	some; a few; a little; a number of; certain
这些	這些	zhe4xie1	these
有些	有些	you3xie1	some; somewhat; rather 
倍	倍	bei4	(two, three, etc)-fold; times (multiplier)
四倍	四倍	si4bei4	four-fold; quadruple
部	部	bu4	part; section; department; (mw for machines; movies; books)
部分	部分	bu4fen5	part; share; section
干部	幹部	gan4bu4	cadre / official / officer / manager; cadre (i.e. manager, staff, officer, etc.)
部门	部門	bu4men2	department; branch; section
内部	內部	nei4bu4	internal; interior; inside (part, section)
部长	部長	bu4zhang3	minister; head of a department
南部	南部	nan2bu4	southern part
北	北	bei3	north
北边	北邊	bei3bian5	north; northern side; north of
北面	北面	bei3mian4	northern side; north
西北	西北	xi1bei3	Northwest
将	將	jiang1, jiang4	(will, shall, future tense); be ready; will<br/>general; commander
将来	將來	jiang1lai2	the future
将要	將要	jiang1yao4	will; shall; be going to
东	東	dong1	East; master; owner
东边	東邊	dong1bian5	east; eastern side; to the east of
东西	東西	dong1xi5	thing; objects; stuff
东北	東北	dong1bei3	northeast; Northeast China; Manchuria
东方	東方	dong1fang1	the East; Eastern countries
乐	樂	le4, yue4	happy; laugh; music
音乐	音樂	yin1yue4	music
算	算	suan4	calculate; reckon/ compute; regard as; to figure; to count (as something)
打算	打算	da3suan4	to plan; intend
第	第	di4	(prefix used to form ordinal numbers)
第一	第一	di4yi1	first; number one
弟	弟	di4	younger brother
弟弟	弟弟	di4di5	younger brother
劳	勞	lao2	labor; toil; do manual work
劳动	勞動	lao2dong4	work; toil; (physical) labor
加	加	jia1	add; increase; plus
加以	加以	jia1yi3	(used before polysyllabic verb to indicate action directed towards sth. or sb. mentioned earlier); in addition; plus
加工	加工	jia1gong1	to process; processing; machining
驾	駕	jia4	to harness; to draw (a cart, etc); to drive (a vehicle); to pilot; to sail
劳驾	勞駕	lao2 jia4	excuse me
咖啡	咖啡	ka1fei1	coffee
非	非	fei1	non-; un-; not be; wrongdoing; simply must (Kangxi radical 175)
非法	非法	fei1fa3	illegal
排	排	pai2	arrange; line up; a row; a platoon; to discharge
安排	安排	an1pai2	arrange; to plan
反	反	fan3	contrary; anti; opposite; rebellious; reverse
反对	反對	fan3dui4	oppose; fight against
反动	反動	fan3dong4	reaction; reactionary
饭	飯	fan4	food; meal; cooked rice
午饭	午飯	wu3fan4	lunch
饭店	飯店	fan4dian4	restaurant; hotel
板	板	ban3	board; plank; plate
老板	老闆	lao3ban3	boss; proprietor; shopkeeper
米	米	mi3	(husked) rice; meter (Kangxi radical 119)
大米	大米	da4mi3	rice
米饭	米飯	mi3fan4	(cooked) rice
青	青	qing1	blue or green; young (Kangxi radical 174); Qinghai province (abbr.)
青年	青年	qing1nian2	young people; youth
年青	年青	nian2qing1	young; youthful (variant)
请	請	qing3	please; invite; to request<br/>treat
请问	請問	qing3 wen4	may I ask...
清	清	qing1	clear; pure; Qing Dynasty (1644-1911)
晴	晴	qing2	clear; fine (as in weather)
晴天	晴天	qing2tian1	fine, sunny day
情	情	qing2	feeling; emotion; passion; condition
事情	事情	shi4qing5	matter; affair; thing; business
同情	同情	tong2qing2	sympathize (with)
心情	心情	xin1qing2	mood; state of mind
睛	睛	jing1	eyeball
眼睛	眼睛	yan3jing5	eye
精	精	jing1	energy; excellent; refined; spirit; semen
精力	精力	jing1li4	energy; vigor
亮	亮	liang4	bright; light; shiny
月亮	月亮	yue4liang5	the moon
亭	亭	ting2	pavilion; kiosk
停	停	ting2	to stop; to halt; to park (a car)
单	單	dan1, Shan4	single; odd; simple; only; sheet; list; surname 
单位	單位	dan1wei4	unit (of measurement); work unit
单词	單詞	dan1ci2	(individual) word
单人床	單人床	dan1ren2chuang2	single bed
间	間	jian1, jian4	(mw for rooms); space; time; among<br/>a gap; to separate
房间	房間	fang2jian1	room
中间	中間	zhong1jian1	center; middle; between; among
时间	時間	shi2jian1	time; period
之间	之間	zhi1jian1	between; among
洗手间	洗手間	xi3shou3jian1	toilet; lavatory; washroom; restroom
简	簡	jian3	simple
简单	簡單	jian3dan1	simple; uncomplicated
合	合	he2, ge3	to close; to join; to suit; be equal to; whole; together; unit of dry measure for grain equal to one deciliter
合理	合理	he2li3	rational; reasonable; equitable
合作	合作	he2zuo4	cooperate; collaborate; work together
合同	合同	he2tong5	contract
拿	拿	na2	carry in your hand; take; get
拿去	拿去	na2qu4	take (away)
拾	拾	shi2	pick up; tidy up; collect; ten (banker's anti-fraud numeral)
哈	哈	ha1	exhale; sip; (sound of laughter)
哈哈	哈哈	ha1ha1	(an onomatopoeia for laughing)
给	給	gei3, ji3	to give; to grant; (passive particle)<br/>provide; for/to
答	答	da2, da1	to answer; to reply<br/>agree to; heed
回答	回答	hui2da2	reply; answer
片	片	pian4, pian1	(mw for pieces of things); a slice; a flake (Kangxi radical 91); film; photo
片面	片面	pian4mian4	one-sided; unilateral
叫	叫	jiao4	to call; to cry; to shout; to name; be called; to greet; to hire; to order
叫做	叫做	jiao4zuo4	called; known as
叫门	叫門	jiao4men2	call at the door to be let in
收	收	shou1	receive; accept; collect; to harvest
收拾	收拾	shou1shi5	to tidy; put in order; repair; settle with; punish; to pack
收音机	收音機	shou1yin1ji1	radio
卑	卑	bei1	low; inferior; modest; humble
啤	啤	pi2	beer
啤酒	啤酒	pi2jiu3	beer
讲	講	jiang3	speak; lecture; explain; a speech
讲座	講座	jiang3zuo4	a lecture or course of lectures; lecture hall
进	進	jin4	enter; come in
进去	進去	jin4qu5	go in; enter
近来	近來	jin4lai2	recently; lately
进行	進行	jin4xing2	to conduct; carry on; carry out; underway
前进	前進	qian2jin4	go forward; forge ahead; advance
请进	請進	qing3jin4	to come in; please enter
先进	先進	xian1jin4	advanced (technology); exceptional; foremost; excellent; ahead of the times; to advance
改	改	gai3	to change; alter; to transform; correct, check (homework)
改进	改進	gai3jin4	improve; make better
改期	改期	gai3qi1	change schedule; postpone
改日	改日	gai3ri4	another day; some other day
改正	改正	gai3zheng4	to correct; to amend; to put right; correction
况	況	kuang4	moreover; situation
情况	情況	qing2kuang4	circumstance; state of affairs; situation
次	次	ci4	(mw for number of times of occurrence); nth; order
其次	其次	qi2ci4	next; secondly
两次	兩次	liang3ci4	twice
吹	吹	chui1	to blow; to blast; to puff
欢	歡	huan1	happy; vigorous
久	久	jiu3	long; for a long time
爪	爪	zhua3, zhao3	claw (Kangxi radical 87)
爱	愛	ai4	love; affection; be fond of
爱人	愛人	ai4ren5	spouse; husband; wife; lover
爱情	愛情	ai4qing2	(romantic) love
可爱	可愛	ke3'ai4	cute; lovely
亲爱	親愛	qin1'ai4	dear; beloved
暖	暖	nuan3	warm
暖和	暖和	nuan3huo5	warm; nice and warm
父	父	fu4	father (Kangxi radical 88)
父亲	父親	fu4qin5	father (formal)
巴	巴	ba1	(phonetic); hope for; cling to, wait anxiously for; be near; a bar
吧	吧	ba5, ba1	particle indicating polite suggestion;; onomatopoeia; bar (serving drinks, providing internet access, etc.)
酒吧	酒吧	jiu3ba1	bar
把	把	ba3, ba4	(mw for things with handles); (pretransitive particle); to hold<br/>a grip; a handle; stem (of plants)
爸	爸	ba4	father; dad; pa
爸爸	爸爸	ba4ba5	father; dad
爬	爬	pa2	to crawl; to climb
井	井	jing3	a well
尸	尸	shi1	corpse (Kangxi radical 44)
欠	欠	qian4	yawn; to lack; owe (Kangxi radical 76)
关	關	guan1	to close; shut; concern; relationship; turn off; mountain pass
关心	關心	guan1xin1	be concerned about; care for; be interested in
海关	海關	hai3guan1	customs (i.e. border inspection)
送	送	song4	to deliver; to carry; to give; to send; to take someone somewhere
送行	送行	song4xing2	see sb. off; give a send off
欢送	歡送	huan1song4	to send off
联	聯	lian2	to ally; to unite; join
联合	聯合	lian2he2	unite; ally; joint; combined; alliance; union; coalition
言	言	yan2	speak; speech; talk; word (Kangxi radical 149)
语言	語言	yu3yan2	language
发言	發言	fa1yan2	make a speech; statement
信	信	xin4	to believe; to trust; letter
相信	相信	xiang1xin4	believe (sb.); be convinced of
来信	來信	lai2xin4	incoming letter; send a letter here
回信	回信	hui2 xin4	to reply (to a letter); write back
信心	信心	xin4xin1	confidence; faith (in sb. or sth.)
少	少	shao3, shao4	few; little; lack; lose; young
多少	多少	duo1shao5	how much; how many; somewhat
不少	不少	bu4shao3	quite a few; many
步	步	bu4	a step; to walk; to march
进步	進步	jin4bu4	to make progress; to advance
省	省	sheng3, xing3	to save; economize; omit; province<br/>examine oneself; to visit; be aware
省力	省力	sheng3li4	save energy/effort/labor
省会	省會	sheng3hui4	provincial capital
交	交	jiao1	submit; deliver; turn over; intersect; to pay (money); friendship
外交	外交	wai4jiao1	diplomacy; foreign affairs
饺	餃	jiao3	dumpling
饺子	餃子	jiao3zi5	dumpling
较	較	jiao4	rather; quite; compare; to dispute; clearly; obviously
比较	比較	bi3jiao4	to compare; comparatively; relatively; contrast
校	校	xiao4, jiao4	school<br/>proofread; compare
学校	學校	xue2xiao4	school; campus
校园	校園	xiao4yuan2	campus; schoolyard
牛	牛	niu2	ox; cow; bull (Kangxi radical 93); exceptional (slang)
牛肉	牛肉	niu2rou4	beef
吹牛	吹牛	chui1 niu2	to brag; (regional) to chat
件	件	jian4	(mw for things, clothes, and items)
哥	哥	ge1	elder brother
哥哥	哥哥	ge1ge5	older brother
大哥	大哥	da4ge1	eldest brother
歌	歌	ge1	song
歌手	歌手	ge1shou3	singer; vocalist
儿歌	兒歌	er2ge1	children's song; nursery rhyme
应	應	ying1, ying4	agree; must; should; ought to<br/>respond; deal with; to answer
应当	應當	ying1dang1	should; ought to; must
向	向	xiang4	direction; towards; to turn; to face
方向	方向	fang1xiang4	direction; orientation
响	響	xiang3	make a sound; noisy; noise; echo
化	化	hua4, hua1	change; convert; melt
化学	化學	hua4xue2	chemistry
文化	文化	wen2hua4	culture, civilization; education; literacy
花	花	hua1	flower; blossom; spend (money or time); cost
花园	花園	hua1yuan2	garden
种花	種花	zhong4hua1	cultivate flowers; floriculture
历	曆	li4	calendar; era
经历	經歷	jing1li4	undergo; to experience; an experience
旧	舊	jiu4	old; past; used
旧历	舊曆	jiu4li4	lunar calendar
业	業	ye4	industry; occupation; enterprise; property; (Buddhism) karma; deed; to engage in
工业	工業	gong1ye4	industry
作业	作業	zuo4ye4	school assignment; homework; task
事业	事業	shi4ye4	undertaking; project; cause; enterprise; career; publicly funded institution 
亚	亞	ya4	Asia; Asian; second; next to; inferior; sub-
碰	碰	peng4	to touch; to bump; to encounter
史	史	shi3	history
历史	歷史	li4shi3	history
使	使	shi3	to use; to make; to cause; enable; envoy; messenger
使用	使用	shi3yong4	use; employ; apply; administer; manipulate
更	更	geng4, geng1	more; even more<br/>change; watch (e.g. of a sentry or guard)
更加	更加	geng4jia1	more; even more
便	便	bian4, pian2	plain; convenient; urine or excrement; formal equivalent to 就; cheap
方便	方便	fang1bian4	convenient; practical; useful
便利	便利	bian4li4	convenient; easy; facilitate
英	英	ying1	flower; hero; England
英语	英語	Ying1yu3	English (language)
英文	英文	Ying1wen2	English (language)
英里	英里	ying1li3	mile
块	塊	kuai4	lump; chunk (mw for pieces of soap, cake, cloth, units of currency, etc)
一块儿	一塊兒	yi2kuai4r5	at the same place; in company; together; one block, piece, unit of money (erhua variant)
快	快	kuai4	fast; quick; soon
决	決	jue2	decide; to breach (a dyke)
决心	決心	jue2xin1	determined; resolute
觉	覺	jue2, jiao4	to feel; sense; ; wake up; sleep
觉得	覺得	jue2de5	feel; think
自觉	自覺	zi4jue2	be conscious; be aware of; self-motivated 
定	定	ding4	to set; to fix; determine<br/>surely; certainly
决定	決定	jue2ding4	decide; decision
一定	一定	yi2ding4	must be; surely; certainly; necessarily; definite; fixed, set, at a certain...
重	重	zhong4, chong2	heavy; intense; repeat; duplicate
重要	重要	zhong4yao4	important; significant; major
重点	重點	zhong4dian3	emphasis; main point
重大	重大	zhong4da4	great; important; major
懂	懂	dong3	understand; know
懂得	懂得	dong3de5	understand; to grasp; know
睡	睡	shui4	to sleep
睡觉	睡覺	shui4jiao4	to sleep; to go to bed
睡着	睡着	shui4zhao2	fall asleep
飞	飛	fei1	to fly (Kangxi radical 183)
飞机	飛機	fei1ji1	airplane
气	气	qi4	air; steam; gas (Kangxi radical 84)
天气	天氣	tian1qi4	weather
力气	力氣	li4qi5	physical strength; effort
暖气	暖氣	nuan3qi4	heater; heating; warm air
火气	火氣	huo3qi4	anger; temper; (Chinese Medicine) internal heat (as cause of disease)
汽	汽	qi4	steam; vapor
汽车	汽車	qi4che1	car; automobile; bus; vehicle
亿	億	yi4	one hundred million (100,000,000)
艺	藝	yi4	art; skill
文艺	文藝	wen2yi4	literature and art
乞	乞	qi3	beg; request
吃	吃	chi1	to eat
好吃	好吃	hao3chi1	tasty; tastes good
吃饭	吃飯	chi1fan4	to eat (a meal)
小吃	小吃	xiao3chi1	snack; refreshments
吃完	吃完	chi1wan2	eat up; finish eating
全	全	quan2	whole; entire; complete
完全	完全	wan2quan2	complete; whole; totally
全部	全部	quan2bu4	whole; entire; complete
全体	全體	quan2ti3	all; entire
安全	安全	an1quan2	safe; safety; secure; security
色	色	se4, shai3	color (Kangxi radical 139)
红色	紅色	hong2se4	red (color)
角	角	jiao3, jue2	horn; angle; unit of money (1/10 yuan); corner (Kangxi radical 148)<br/>role (theater)
三角	三角	san1jiao3	triangle
确	確	que4	real; true; firmly; authentic; indeed
确实	確實	que4shi2	indeed; in truth; reliable; really
正确	正確	zheng4que4	correct; proper
嘴	嘴	zui3	mouth
最	最	zui4	the most; -est; (indicator for superlative)
炎	炎	yan2	flame; scorching hot; inflammation; -itis
谈	談	tan2	to talk; to chat; discuss
会谈	會談	hui4tan2	talks; discussions
座谈	座談	zuo4tan2	to discuss; informal discussion
写	寫	xie3	write; compose
听写	聽寫	ting1xie3	to dictate; dictation
写作	寫作	xie3zuo4	write; writing; composition
书写	書寫	shu1xie3	write; writing
大写	大寫	da4xie3	uppercase letters; bankers' anti-fraud numerals
号	號	hao4, hao2	number; day of a month; (mw for ordinal numbers)<br/>howl
单号	單號	dan1hao4	odd numbers
口号	口號	kou3hao4	slogan; catchphrase
度	度	du4, duo2	capacity; degree; degree (mw for temperature, angles); measure; scale; to spend (time)<br/>to estimate; surmise
度过	度過	du4guo4	to pass; to spend (time); to survive; to get through
态	態	tai4	form; appearance; condition
态度	態度	tai4du5	manner; bearing; attitude; approach
市	市	shi4	market; city
城市	城市	cheng2shi4	city or town
都市	都市	du1shi4	city; metropolis
师	師	shi1	teacher; master; a (military) division
老师	老師	lao3shi1	teacher
教师	教師	jiao4shi1	teacher; instructor
带	帶	dai4	to bring; to take along; to carry; look after; raise (children); band; belt; ribbon; zone
地带	地帶	di4dai4	region; district; zone
示	示	shi4	to show; spirit; ancestor (Kangxi radical 113); sign
示意	示意	shi4yi4	to signal; to hint; to gesture; to motion; to indicate (an idea to sb)
票	票	piao4	ticket; bank note; a vote
票子	票子	piao4zi5	bank note; paper money; bill
门票	門票	men2piao4	admissions ticket
飞机票	飛機票	fei1ji1 piao4	plane ticket
火车票	火車票	huo3che1 piao4	train ticket
漂	漂	piao4, piao1, piao3	elegant<br/>to float<br/>to bleach
漂亮	漂亮	piao4liang5	pretty; beautiful
社	社	she4	society; group
社会	社會	she4hui4	society; community
祝	祝	zhu4	to wish; bless
视	視	shi4	look at; regard; inspect
电视	電視	dian4shi4	television; TV
近视	近視	jin4shi4	shortsighted; nearsighted; myopia
表	表	biao3	{a form (to fill out)} surface; a table (listing information); to show; (wrist) watch; a meter (measuring something)
表示	表示	biao3shi4	express; show; indicate
手表	手錶	shou3biao3	wristwatch
表现	表現	biao3xian4	to show; to display; show off; manifestation; performance
发表	發表	fa1biao3	publish; to issue (a statement); announce; express one's opinion
表面	表面	biao3mian4	surface; outside; face
表明	表明	biao3ming2	make clear; make known
衣	衣	yi1, yi4	clothing (Kangxi radical 145)
大衣	大衣	da4yi1	overcoat; cloak
洗衣机	洗衣機	xi3yi1ji1	washing machine; washer
农	農	nong2	agriculture; farming
农业	農業	nong2ye4	agriculture; farming
农村	農村	nong2cun1	rural area; village; countryside
初	初	chu1	at first; (at the) beginning; initial
最初	最初	zui4chu1	first; primary; initial
初步	初步	chu1bu4	initial; preliminary; tentative
皮	皮	pi2	skin; leather; fur (Kangxi radical 107)
被	被	bei4	by (indicates passive voice sentences); quilt; blanket
被子	被子	bei4zi5	quilt; eiderdown; comforter
破	破	po4	broken; damaged; to split; to break
破产	破產	po4chan3	go bankrupt; go broke; bankruptcy
坏	壞	huai4	bad; broken; go bad; spoil
破坏	破壞	po4huai4	destroy; destruction; to wreck; to break
且	且	qie3, ju1	further; moreover; for the time being; about to ...
而且	而且	er2qie3	moreover; in addition; as well as
姐	姐	jie3	older sister; sister;<br/>a general term for young women;<br/>elder female relative of the same generation in the clan
姐姐	姐姐	jie3jie5	older sister
小姐	小姐	xiao3jie3	young lady; miss
姐妹	姐妹	jie3mei4	older sister and younger sister; sisters
助	助	zhu4	to help; assist
助手	助手	zhu4shou3	assistant; helper
租	租	zu1	to rent;  to lease
出租汽车	出租汽車	chu1zu1 qi4che1	taxi; cab
祖	祖	zu3	ancestor; forefather; grandfather
祖国	祖國	zu3guo2	homeland; motherland; fatherland
组	組	zu3	mw for sets; set; group; to organize; to team up; compose
组织	組織	zu3zhi1	organize; organization
宜	宜	yi2	appropriate, suitable; proper
便宜	便宜	pian2yi5	cheap
谊	誼	yi4	friendship; appropriate; suitable
友谊	友誼	you3yi4	friendship; companionship
直	直	zhi2	straight; vertical; frank; directly; continuously
一直	一直	yi4zhi2	always; all along; straight (in a straight line); from the beginning
真	真	zhen1	real; true; genuine
真正	真正	zhen1zheng4	genuine; real; true
认真	認真	ren4zhen1	serious; earnest; take seriously, conscientious
真理	真理	zhen1li3	truth
真实	真實	zhen1shi2	true; real; authentic
毛	毛	mao2	hair; fur; feather; Chinese unit of money equal to 1/10 yuan (Kangxi radical 82)
羊毛	羊毛	yang2mao2	wool; fleece
毛衣	毛衣	mao2yi1	woolen sweater
笔	筆	bi3	pen; pencil; writing instrument; brush stroke; (mw for sums of money)
毛笔	毛筆	mao2bi3	writing brush
笔记	筆記	bi3ji4	take down in writing; notes
民	民	min2	people; subjects; citizens
农民	農民	nong2min2	farmer; peasant
人民	人民	ren2min2	the people
民主	民主	min2zhu3	democracy
民歌	民歌	min2ge1	folk song
民用	民用	min2yong4	civil; for civilian use
代	代	dai4	era; generation; dynasty; substitute; replace
现代	現代	xian4dai4	modern times; modern age
代表	代表	dai4biao3	represent; to delegate; on behalf of
时代	時代	shi2dai4	age; era; period
年代	年代	nian2dai4	decade; era
舌	舌	she2, gua1	tongue (Kangxi radical 135)
刮	刮	gua1	to shave; scrape; to blow (wind)
话	話	hua4	words; speech; language; dialect
会话	會話	hui4hua4	conversation
电话	電話	dian4hua4	telephone; phone call
对话	對話	dui4hua4	dialogue; conversation
公用电话	公用電話	gong1yong4 dian4hua4	public phone
适	適	shi4	suitable; right; well
合适	合適	he2shi4	suitable; proper; appropriate; to fit (clothes)
适合	適合	shi4he2	to suit; to fit
适当	適當	shi4dang4	suitable; appropriate; proper
适用	適用	shi4yong4	applicable; suitable
活	活	huo2	to live; alive; living; lively; save (a life); work; product
活儿	活兒	huo2r5	(colloquial) work; lots of things to do
活动	活動	huo2dong4	activity; exercise; move about
生活	生活	sheng1huo2	life; livelihood; to live
术	術	shu4	method; technique; skill
艺术	藝術	yi4shu4	art
手术	手術	shou3shu4	surgery; operation
术语	術語	shu4yu3	terminology; jargon
支	支	zhi1	branch; to support; put up; to pay; (mw for long, narrow objects) (Kangxi radical 65)
技	技	ji4	skill; ability; talent
技术	技術	ji4shu4	technology; technique; skill
等	等	deng3	wait; await; when; till; class; rank; grade; kind; sort; equal; and so on; etc.
平等	平等	ping2deng3	equal; equality
久等	久等	jiu3deng3	wait for a long time
持	持	chi2	[to maintain, to preserve] to hold; to support; manage; oppose
支持	支持	zhi1chi2	sustain; hold out; support; stand by (e.g. international support)
特	特	te4	special; unusual; extraordinary
特别	特別	te4bie2	special; especially; particular
义	義	yi4	justice; righteousness; meaning
意义	意義	yi4yi4	meaning; significance
风	風	feng1	wind; news; style (Kangxi radical 182)
风力	風力	feng1li4	wind-force; wind power
数	數	shu4, shu3, shuo4	number; to count; to rank; frequently; repeatedly
数学	數學	shu4xue2	mathematics; maths
少数	少數	shao3shu4	small number; minority; few
楼	樓	lou2	floor; storied building
楼上	樓上	lou2shang4	upstairs
楼下	樓下	lou2xia4	downstairs
层	層	ceng2	mw for layers; floors of buildings; layer, floor, story
室	室	shi4	room
教室	教室	jiao4shi4	classroom
办公室	辦公室	ban4gong1shi4	office
屋	屋	wu1	house; room
屋子	屋子	wu1zi5	room; house
同屋	同屋	tong2wu1	roommate (not in Taiwan)
握	握	wo4	grasp; shake hands; to hold
握手	握手	wo4shou3	to shake hands
提	提	ti2, di1	to carry; to lift; to raise (an issue)
让	讓	rang4	to ask, let, yield
贝	貝	bei4	shell; money (Kangxi radical 154)
页	頁	ye4	page; leaf (Kangxi radical 181)
题	題	ti2	topic; subject; question on a test or assignment
问题	問題	wen4ti2	question; problem; issue
题目	題目	ti2mu4	subject; title; topic
员	員	yuan2	person engaged in some activity; member; employee
人员	人員	ren2yuan2	staff; crew; personnel
店员	店員	dian4yuan2	store clerk; shop assistant; salesperson
圆	圓	yuan2	round; circular; formal unit of Chinese currency
风	風	feng1	wind; news; style (Kangxi radical 182)
高	高	gao1	high; tall (Kangxi radical 189)
高度	高度	gao1du4	height; altitude; high degree; apogee
提高	提高	ti2gao1	elevate; heighten; improve
搞	搞	gao3	do; carry on; be engaged in; produce; work out
搞好	搞好	gao3hao3	make a good job of; do well
台	台	tai2	Taiwan (abbr.); (classical) you (in letters); platform; MW for machines/vehicles
治	治	zhi4	rule; govern; cure
政治	政治	zheng4zhi4	politics
抬	抬	tai2	to lift; to raise; carry (together)
始	始	shi3	begin; start
开始	開始	kai1shi3	begin; to start; beginning
容	容	rong2	to tolerate; to contain; allow; appearance; face
士	士	shi4	scholar; warrior (Kangxi radical 33)
志	志	zhi4	aspiration; will
同志	同志	tong2zhi4	comrade; gay person (slang)
意志	意志	yi4zhi4	will; willpower; determination
声	聲	sheng1	sound; voice; (mw for sound)
大声	大聲	da4sheng1	loud
声音	聲音	sheng1yin1	sound; voice
壮	壯	zhuang4	strong; grand
装	裝	zhuang1	to load; dress up; pretend; clothing; to install
装样子	裝樣子	zhuang1yang4zi5	put on an act; do something for appearance sake
失	失	shi1	lose (in contrast to dé 得 "obtain, get");  miss, let slip, lose out;  fail to achieve one's objective;  mistake;  change (from the norm);  break (like a promise), neglect (like one's duty), fail to do
知	知	zhi1	know
知道	知道	zhi1dao5	know; be aware of
知识	知識	zhi1shi5	knowledge; intellectual
医	醫	yi1	medical; medicine; doctor; to cure
医生	醫生	yi1sheng1	doctor; physician
医院	醫院	yi1yuan4	hospital
贵	貴	gui4	expensive; noble; honorable; Guizhou province (abbreviation)
贵姓	貴姓	gui4xing4	(honorable) surname
您	您	nin2	you (polite)
束	束	shu4	to tie; to bind; restrain; (mw for bunches, bundles, bouquets, etc.)
整	整	zheng3	whole; tidy; put in order; repair; exactly; make sb. suffer
嗽	嗽	sou4	cough
亥	亥	hai4	12th Earthly Branch
该	該	gai1	should; deserve; it is time for (something); this (formal)
应该	應該	ying1gai1	should; ought to; must
孩	孩	hai2	child; infant
孩子	孩子	hai2zi5	child; children; son or daughter
小孩儿	小孩兒	xiao3hai2r5	child; kid
咳	咳	hai1, ke2	(sound of sighing); cough
咳嗽	咳嗽	ke2sou5	to cough
刻	刻	ke4	quarter (hour); (mw for short time intervals); carve; to cut
立刻	立刻	li4ke4	immediately; at once; right away
刻苦	刻苦	ke4ku3	hardworking; assiduous
谁	誰	shei2, shui2	who
谁的	誰的	shei2de5	whose
推	推	tui1	to push; to scrape; to decline; postpone; elect
推广	推廣	tui1guang3	popularize; spread; promote; generalization
推动	推動	tui1dong4	promote; push forward; actuate
难	難	nan2, nan4	difficult; bad<br/>trouble; to blame
难过	難過	nan2guo4	have a hard time; feel sad
难看	難看	nan2kan4	ugly; unsightly
准	准	zhun3	VERB: to allow; permit 
准确	準確	zhun3que4	accurate; precise, exact
准时	準時	zhun3shi2	punctually; on time; on schedule
集	集	ji2	gather; collect; volume; episode
集合	集合	ji2he2	gather; assemble; to muster
集中	集中	ji2zhong1	concentrate; to focus; collect
处	處	chu3, chu4	get along with; be in; deal with; punish<br/>place; department
好处	好處	hao3chu5	benefit; advantage
处理	處理	chu3li3	deal with; to handle; dispose of; to process; sell at a discount; punish
坏处	壞處	huai4chu5	disadvantage; harm; troubles
用处	用處	yong4chu5	usefulness; use
各	各	ge4	each; every
各种	各種	ge4zhong3	every; all kinds of
路	路	lu4	road; path; journey; route
道路	道路	dao4lu4	road; path; way
路上	路上	lu4shang5	on the way; on a journey; road surface
问路	問路	wen4lu4	ask for directions
公路	公路	gong1lu4	highway; road
马路	馬路	ma3lu4	street; road
路口	路口	lu4kou3	intersection (of roads); crossing
客	客	ke4	guest; customer; visitor
客气	客氣	ke4qi5	polite; courteous; formal; modest
会客	會客	hui4 ke4	receive a visitor
作客	作客	zuo4ke4	live somewhere as a visitor; stay with somebody as a guest
客人	客人	ke4ren2	guest; customer
请客	請客	qing3 ke4	to treat; invite to dinner; entertain guests
病	病	bing4	ailment; sickness; illness
看病	看病	kan4 bing4	visit a doctor; see a patient
病人	病人	bing4ren2	a patient; sick person
病房	病房	bing4fang2	hospital ward; sickroom
毛病	毛病	mao2bing4	(of a machine) trouble; mishap; breakdown;; defect; fault; mistake;; bad habit; shortcoming;; (dialect) illness
杂	雜	za2	mixed; miscellaneous; various
怎	怎	zen3	how; what; why
怎么	怎麼	zen3me5	how; however; what; why
怎样	怎樣	zen3yang4	how?; in a certain way; in any way
怎么样	怎麼樣	zen3me5yang4	how?; how about?; how was it?; how are things?
庄	莊	zhuang1	village; farm; manor
脏	髒	zang1	filthy
总	總	zong3	always; general; assemble; total
责	責	ze2	responsibility; demand; to blame; interrogate; punish
绩	績	ji4	merit; achievements
成绩	成績	cheng2ji1	achievement; results (of work or study); grade (on schoolwork)
负	負	fu4	to bear; to lose; negative
负责	負責	fu4ze2	responsible for; in charge of
才	才	cai2	ability; talent; just now; not until; only then
人才	人才	ren2cai2	talent; talented person
天才	天才	tian1cai2	talent; gift; a genius; talented
团	團	tuan2	group; team; round; ball; unite; dumpling; (mw for ball-like things)
因	因	yin1	cause; reason; because; on account of
因为	因為	yin1wei4	because; owing to; on account of
因而	因而	yin1'er2	therefore; as a result; thus
恩	恩	en1	kind act (from above); grace
嗯	嗯	en1, en2, en3, en4, en5	groaning sound; (interjection expressing what?, huh? hmm? why? ok, etc.)
困	困	kun4	surround; hard-pressed; stranded; destitute; tired (China)
困难	困難	kun4nan5	difficulty; difficult; problem
水	水	shui3	water (Kangxi radical 85)
汽水	汽水	qi4shui3	soda; pop; soft drinks
水果	水果	shui3guo3	fruit
水平	水平	shui3ping2	standard; proficiency; level; horizontal
求	求	qiu2	beg, request, beseech; ask (for), demand; seek, strive for; a surname
要求	要求	yao1qiu2	request; demand; requirement
请求	請求	qing3qiu2	to request; ask
球	球	qiu2	ball; globe
排球	排球	pai2qiu2	volleyball
足球	足球	zu2qiu2	football; soccer
月球	月球	yue4qiu2	the moon
地球	地球	di4qiu2	the Earth (planet)
勿	勿	wu4	not; do not
忽	忽	hu1	suddenly; to neglect
忽然	忽然	hu1ran2	suddenly; all of a sudden
物	物	wu4	thing; object; matter
动物	動物	dong4wu4	animal
物理	物理	wu4li3	physics; innate laws of things; law of nature
生物	生物	sheng1wu4	biology; organism; living creature
食物	食物	shi2wu4	food
动物园	動物園	dong4wu4yuan2	zoo
易	易	yi4	to exchange; easy; amiable
容易	容易	rong2yi4	easy
踢	踢	ti1	to kick; to play (football or soccer)
踢球	踢球	ti1 qiu2	kick a ball
场	場	chang3, chang2	courtyard; place; field; (mw for games, performances, etc.)<br/>threshing floor
机场	機場	ji1chang3	airport; airfield
会场	會場	hui4chang3	meeting place; conference hall
广场	廣場	guang3chang3	public square; plaza
市场	市場	shi4chang3	marketplace; market (also in abstract); 
停车场	停車場	ting2che1chang3	parking lot; parking garage
汤	湯	tang1	soup
清汤	清湯	qing1tang1	clear soup; light soup
扬	揚	yang2	hurl; hoist; scatter; make known
表扬	表揚	biao3yang2	to praise; commend
发扬	發揚	fa1yang2	develop; make full use of; carry on
乃	乃	nai3	(formal) to be; thus; so; therefore; only then; you; your
奶	奶	nai3	milk; breast
牛奶	牛奶	niu2nai3	cow's milk
奶牛	奶牛	nai3niu2	milk cow
及	及	ji2	and; to reach; up to
极	極	ji2	extremely; utmost point; extremity; pole
极了	極了	ji2le5	extremely; exceedingly
极其	極其	ji2qi2	extremely; exceedingly
北极	北極	bei3ji2	the North Pole
级	級	ji2	grade (in school); level; rank
年级	年級	nian2ji2	grade; year (in school)
初级	初級	chu1ji2	junior; primary
上级	上級	shang4ji2	higher authorities; superiors
原	原	yuan2	original; raw; level; cause; source
原来	原來	yuan2lai2	original; former; as it turns out
平原	平原	ping2yuan2	field; plain; flatlands
原因	原因	yuan2yin1	cause; reason
高原	高原	gao1yuan2	plateau; highland
愿	願	yuan4	to hope; to wish; desire; be willing
愿意	願意	yuan4yi4	willing; want to; ready
吉	吉	ji2	lucky; (abbr.) Jilin province; giga-
结	結	jie2, jie1	to tie; knot<br/>to bear (fruit); conclude
结果	結果	jie2guo3	result; outcome; finally; to bear fruit
团结	團結	tuan2jie2	unite; hold a rally; join forces
结束	結束	jie2shu4	end; finish; conclude
喜	喜	xi3	fond of; like; enjoy; happiness
喜欢	喜歡	xi3huan5	to like; be fond of
欢喜	歡喜	huan1xi3	joyful; happy
周	周	zhou1	{week} a cycle; circle; complete; all around (common surname)
调	調	diao4, tiao2	transfer; investigate; accent; tune; tone; adjust; reconcile; season (food); provoke
声调	聲調	sheng1diao4	tone; note
尚	尚	shang4	still; yet; to value; to esteem
躺	躺	tang3	recline; lie down (on back or side)
堂	堂	tang2	(main) hall; large room; (mw for classes)
常	常	chang2	always; often; frequently
常常	常常	chang2chang2	often; usually; frequently
经常	經常	jing1chang2	day-to-day; constantly; often
非常	非常	fei1chang2	extremely; extraordinary; very
平常	平常	ping2chang2	ordinary; common; usually
掌	掌	zhang3	palm; sole; foot; to slap; be in charge of; to hold
掌握	掌握	zhang3wo4	to grasp; to master; to control; master; know well
条	條	tiao2	strip; item; (mw for long thin objects)
条件	條件	tiao2jian4	condition; circumstances; prerequisite
面条儿	麵條兒	mian4tiao2r5	noodles
务	務	wu4	business; affair; engaged in; be sure to
业务	業務	ye4wu4	business; professional work
医务室	醫務室	yi1wu4shi4	clinic; infirmary
备	備	bei4	prepare; have ready; equipment; fully
准备	準備	zhun3bei4	prepare; get ready
鱼	魚	yu2	fish (Kangxi radical 195)
复	復	fu4	return; repeat; resume
复杂	複雜	fu4za2	complicated; complex
反复	反復	fan3fu4	repeatedly; over and over; relapse; go back; reversal
任	任	ren4	appoint; at will; office; no matter (what, how, etc.)
任何	任何	ren4he2	any; whatever; whichever
任务	任務	ren4wu5	a mission; assignment; a task
计	計	ji4	calculate; compute; to count
计算	計算	ji4suan4	to count; calculate; compute
设	設	she4	set up; arrange; establish
设备	設備	she4bei4	equipment; facilities; installations
设计	設計	she4ji4	to plan; to design; design
划	划	hua2, hua4	to row; to paddle; to scratch; draw or mark a line
计划	計劃	ji4hua4	plan; project; to map out
或	或	huo4	or; perhaps
或者	或者	huo4zhe3	or; possibly; maybe; perhaps
咸	鹹	xian2	salty; Surname Xian
感	感	gan3	to feel; to move; sense
感到	感到	gan3dao4	feel; to sense; have the feeling that
感谢	感謝	gan3xie4	thank; be grateful
喊	喊	han3	call; cry; shout
叫喊	叫喊	jiao4han3	exclamation; outcry; shout; yell
呐喊	吶喊	na4han3	shout loudly; cheer
布	布	bu4	cloth; announce; to spread
希	希	xi1	to hope
节	節	jie2	festival; section; (mw for segments); moral integrity; save
节目	節目	jie2mu4	program; item (on a program)
节日	節日	jie2ri4	holiday; festival
却	卻	que4	but; yet; [despite] however; step back
脚	腳	jiao3	foot / base (of animal or object)
脚步	腳步	jiao3bu4	footstep; step
脚灯	腳燈	jiao3deng1	(Theater) footlights
报	報	bao4	to report; newspaper; to respond; repay
报名	報名	bao4 ming2	sign up; apply
报道	報道	bao4dao4	to report; coverage in a newspaper
服	服	fu2, fu4	clothing; serve; obey; convince; take (medicine); accustomed to; (mw for medicinal dose)
服务	服務	fu2wu4	serve; service
衣服	衣服	yi1fu5	clothes
服务员	服務員	fu2wu4yuan2	waiter/waitress; server; attendant
通	通	tong1, tong4	go through; know well; connect; (mw for complete activities, such as phone calls, stint of music playing, etc.)
通过	通過	tong1guo4	by means of; through (a method); pass through; via; pass (a test)
通知	通知	tong1zhi1	notify; to inform; notice
交通	交通	jiao1tong1	traffic; transportation; communication
痛快	痛快	tong4kuai4	joyful; delighted; very happy; jolly
痛苦	痛苦	tong4ku3	pain; suffering; agony
危	危	wei1	danger; endanger; precarious
危机	危機	wei1ji1	crisis
顾	顧	gu4	look after; take into consideration; attend to
顾客	顧客	gu4ke4	customer; client
亡	亡	wang2	die; perish; flee
忙	忙	mang2	busy
忘	忘	wang4	forget; overlook; to neglect
忘记	忘記	wang4ji4	forget
望	望	wang4	to hope; expect; gaze in the distance; to visit; full moon
雨	雨	yu3	rain (Kangxi radical 173)
雨衣	雨衣	yu3yi1	raincoat
下雨	下雨	xia4yu3	to rain
雪	雪	xue3	snow
雪人	雪人	xue3ren2	snowman; yeti
下雪	下雪	xia4xue3	to snow
参	參	can1, shen1, san1	join; (consult) take part in; refer to; ginseng
参观	參觀	can1guan1	to visit (a place, such as a tourist spot); to tour; inspect
参加	參加	can1jia1	participate; join (a group); take part in (an activity); give (advice)
景	景	jing3	bright; circumstance; scenery
影	影	ying3	shadow; reflection; image; picture; film
影响	影響	ying3xiang3	influence; affect; effect
电影	電影	dian4ying3	movie; film
影子	影子	ying3zi5	shadow; reflection
合影	合影	he2ying3	joint photo; group photo
电影院	電影院	dian4ying3yuan4	cinema; movie theater
喝	喝	he1, he4	to drink<br/>shout loudly
喝酒	喝酒	he1jiu3	to drink (alcohol)
喝汤	喝湯	he1tang1	drink soup; eat soup
渴	渴	ke3	thirsty
口渴	口渴	kou3ke3	thirsty
继	繼	ji4	then; after<br/>follow; continue
世	世	shi4	life; age; generation; world
世纪	世紀	shi4ji4	century
去世	去世	qu4shi4	pass away; die
介	介	jie4	be situated between; interpose; upright; armor; shell; (mw for common people and scholars)
界	界	jie4	boundary; scope; extent
世界	世界	shi4jie4	world
亦	亦	yi4	also; too
变	變	bian4	to change; become different
变成	變成	bian4 cheng2	change into; become
改变	改變	gai3bian4	to change; alter; transform
变化	變化	bian4hua4	change; variation; to change; to vary
笑	笑	xiao4	to laugh; to smile
大笑	大笑	da4 xiao4	laugh heartily
笑话	笑話	xiao4hua5	joke; laugh at
开玩笑	開玩笑	kai1 wan2xiao4	joke; play a joke; make fun of
乔	喬	qiao2	tall; Joe (phonetic)
桥	橋	qiao2	bridge
歹	歹	dai3	evil; vicious; bad (Kangxi radical 78)
列	列	lie4	arrange; to line up; series; mw for trains or lines of people
例	例	li4	example; precedent; rule
例如	例如	li4ru2	for example; for instance
比例	比例	bi3li4	proportion; scale
例子	例子	li4zi5	example; case; instance
死	死	si3	to die; dead; fixed; impassible; extremely
解	解	jie3, jie4, xie4	separate; divide; understand; solve<br/>(old) transport under guard<br/>(old) acrobatics
了解	了解	liao3jie3	comprehend; understand; know; find out (also 瞭~)
解决	解決	jie3jue2	settle (a dispute); resolve; solve; dispose of; finish off
解放	解放	jie3fang4	liberate; emancipate; liberation
急	急	ji2	hurried; worried; nervous; urgent
着急	着急	zhao2ji2	to worry; feel anxious
急忙	急忙	ji2mang2	in a hurry; in haste; hurriedly; hastily
彦	彥	yan4	accomplished; elegant; phonetic used in names
颜	顏	yan2	face; color
颜色	顏色	yan2se4	color; countenance; facial expression
许	許	xu3	allow; to permit; to praise; maybe; perhaps
许多	許多	xu3duo1	many; a lot; much
也许	也許	ye3xu3	perhaps; probably; maybe
需	需	xu1	want; require; needs; must
需要	需要	xu1yao4	need; require
须	須	xu1	must
必须	必須	bi4xu1	must; have to
续	續	xu4	continue; replenish; renew 
继续	繼續	ji4xu4	continue; go on; continuously
手续	手續	shou3xu4	formalities; procedure
令	令	ling4, ling3	make or cause to be; to order; command<br/>(mw: ream of paper)
冷	冷	leng3	cold
零	零	ling2	zero
领	領	ling3	neck; collar; to lead; to receive
领导	領導	ling3dao3	to lead; leader; leadership
本领	本領	ben3ling3	skill; ability; capability
召	召	zhao4	call together; summon; convene; recruit
绍	紹	shao4	connect; introduce; carry on; to join together; continue
昭	昭	zhao1	clear; obvious; manifest; to show clearly
照	照	zhao4	shine; illuminate; according to; to take (a photo); license, permit
照顾	照顧	zhao4gu5	take care of; look after; give consideration; take care
照相	照相	zhao4xiang4	to take a photograph
关照	關照	guan1zhao4	concern; look after; keep an eye on
照片	照片	zhao4pian4	picture; photograph
查	查	cha2	examine; investigate; to check
查对	查對	cha2dui4	to scrutinize; to examine; to check; 
检	檢	jian3	to check; examine; inspect; exercise restraint
检查	檢查	jian3cha2	to check; examine; inspect
脸	臉	lian3	face
脸红	臉紅	lian3hong2	blush with embarrassment
险	險	xian3	danger; dangerous
危险	危險	wei1xian3	danger; dangerous; perilous
验	驗	yan4	examine; test; check; analyze
经验	經驗	jing1yan4	experience
试	試	shi4	to try; to test; examination
试验	試驗	shi4yan4	experiment; test
试试	試試	shi4shi5	to try; have a try
考	考	kao3	to test; take an exam; to check; verify; examine
考试	考試	kao3shi4	test; exam; give or take a test
考场	考場	kao3chang3	examination hall or room
斗	斗	dou3	fight<br/>dipper; peck (mw for grain) (Kangxi radical 68)
科	科	ke1	branch of study; department; family (biology)
科学	科學	ke1xue2	science; scientific knowledge
科长	科長	ke1zhang3	section chief; branch director
科学家	科學家	ke1xue2jia1	scientist
研	研	yan2	to grind; study; research
科研	科研	ke1yan2	scientific research
幺	幺	yao1	short; tiny; one (spoken, used for telephone numbers, etc.); youngest (Kangxi radical 52)
系	系	xi4, ji4	{academic department} system; connect; arrest; department;; tie; fasten; button up
关系	關係	guan1xi5	relation; connection; relationship
联系	聯繫	lian2xi4	connection; contact; get in touch
没关系	沒關係	mei2 guan1xi5	it doesn't matter; never mind; "that's okay"
累	累	lei4, lei3, lei2	tired<br/>accumulate; implicate<br/>rope; bind together
践	踐	jian4	tread upon; fulfill (a promise)
实践	實踐	shi2jian4	put into practice; carry out; live up to (a promise)
钱	錢	qian2	money; coin; Chinese Surname
零钱	零錢	ling2qian2	small change (of money); pocket money; income other than one's salary or wages
浅	淺	qian3	shallow; simple; superficial; light (of colors)
礼	禮	li3	ceremony; courtesy; gift; rite
礼物	禮物	li3wu4	a gift; a present
礼堂	禮堂	li3tang2	assembly hall; auditorium
乱	亂	luan4	disorder; confusion; arbitrarily
乱说	亂說	luan4shuo1	talk nonsense; speak carelessly
乱世	亂世	luan4shi4	turbulent times; the world in chaos
育	育	yu4	to produce; give birth to; to raise; educate (nuture]
教育	教育	jiao4yu4	education; to educate
体育	體育	ti3yu4	physical training; physical education (P.E.); sports
体育场	體育場	ti3yu4chang3	stadium; sports field
流	流	liu2	to flow; to spread; to shed (tears)
交流	交流	jiao1liu2	communicate; exchange; give and take; interaction; to alternate
流利	流利	liu2li4	fluent; smooth
穴	穴	xue2, xue4	hole; cave (Kangxi radical 116)
究	究	jiu1, jiu4	after all; to investigate; to study carefully
研究	研究	yan2jiu1	to study; to research
空	空	kong1, kong4	empty; sky<br/>leave blank; leisure
空气	空氣	kong1qi4	air
空间	空間	kong1jian1	space; open air
空中	空中	kong1zhong1	in the sky; in the air
太空	太空	tai4kong1	outer space
突	突	tu1	{prominent} dash forward; protrude; suddenly; break out
突然	突然	tu1ran2	sudden; abrupt
突出	突出	tu1chu1	protruding; prominent; outstanding; to highlight 
深	深	shen1	deep; profound; dark (of colors)
抽	抽	chou1	draw out; to smoke (cigarettes); inhale; whip or thrash
抽水	抽水	chou1shui3	pump water; shrink (of clothing)
抽身	抽身	chou1shen1	leave one's work; extricate oneself; get away
邮	郵	you2	mail; post
邮票	郵票	you2piao4	postage stamp
申	申	shen1	to state; to express; explain; surname (9th Earthly Branch)
神	神	shen2	God; unusual; mysterious; spirit
寅	寅	yin2	(3rd Earthly Branch)
演	演	yan3	act; develop; perform; practice; to show (a film)
演出	演出	yan3chu1	to act (in a play); perform; put on a show; performance
表演	表演	biao3yan3	perform; performance
演员	演員	yan3yuan2	actor or actress; performer
开眼	開眼	kai1yan3	open one's eyes; widen one's horizons
黄	黃	huang2	yellow; (common surname) (Kangxi radical 201)
黄河	黃河	Huang2he2	the Yellow River
共	共	gong4	altogether; to share; total; Communist Party (abbreviation)
一共	一共	yi2gong4	altogether; in total
公共	公共	gong1gong4	public; common (use)
公共汽车	公共汽車	gong1gong4 qi4che1	(public) bus
画	畫	hua4	draw; picture; painting
画儿	畫兒	hua4r5	picture; drawing; painting
画报	畫報	hua4bao4	illustrated magazine or newspaper; pictorial
怕	怕	pa4	be afraid; fear
可怕	可怕	ke3pa4	terrible; awful; frightful; scary
哪怕	哪怕	na3pa4	even if; even though; no matter how
拍	拍	pai1	clap; pat; shoot (film); send (a telegram); racket (sports)
拍手	拍手	pai1shou3	to clap one’s hands; to applaud
拍子	拍子	pai1zi5	(sports) bat/racket; (music) beat
哭	哭	ku1	cry; weep
器	器	qi4	device; tool; utensil
机器	機器	ji1qi4	machine; machinery; apparatus
品	品	pin3	article; commodity; product; goods; kind; grade; rank; character; disposition; nature; temperament; variety; to taste something; to sample; to criticize; to comment; to judge; to size up
操	操	cao1, cao4	hold; do; operate; conduct; behavior; drill/exercise ; (vulgar slang)
澡	澡	zao3	wash; bathe; bath
洗澡	洗澡	xi3zao3	take a bath or shower
早	早	zao3	early; (early) morning; good morning!
早饭	早飯	zao3fan4	breakfast
早上	早上	zao3shang5	(early) morning
章	章	zhang1	chapter; section; literary work; seal
文章	文章	wen2zhang1	article; essay
草	草	cao3	grass; straw; draft (of a document)
草地	草地	cao3di4	lawn; meadow
草原	草原	cao3yuan2	grassland; prairie
包	包	bao1	to cover; to wrap; to hold; include; bag; (mw for containers, packages, etc.)
面包	麵包	mian4bao1	bread
钱包	錢包	qian2bao1	wallet; purse
包子	包子	bao1zi5	steamed stuffed bun
书包	書包	shu1bao1	schoolbag; satchel
饱	飽	bao3	eat until full; satisfied
报	報	bao4	to report; newspaper; to respond; repay
跑	跑	pao3	to run; to escape; to race
跑步	跑步	pao3 bu4	to run; to jog
跑道	跑道	pao3dao4	racetrack; runway
商	商	shang1	commerce; consult; Shang dynasty
商店	商店	shang1dian4	shop; store
商业	商業	shang1ye4	business; commerce; trade
商场	商場	shang1chang3	market; bazaar; shopping mall
商人	商人	shang1ren2	merchant; business person
宿	宿	su4, xiu3, xiu4	stay overnight; old<br/>(mw for nights)<br/>constellation
食宿	食宿	shi2su4	board and lodging; food and lodgings
予	予	yu3, yu2	give; grant; bestow; (archaic) I; me
预	預	yu4	prior; preliminary; preparatory; in advance; take part in
预备	預備	yu4bei4	prepare; make ready
舍	舍	she4, she3	{shed/hut} residence<br/>give up; abandon [shed]
宿舍	宿舍	su4she4	dormitory; living quarters; hostel
舒	舒	shu1	stretch out, spread out; relax; leisurely
舒服	舒服	shu1fu5	comfortable; feeling well
兴	興	xing4, xing1	interest; excitement<br/>prosper; begin; encourage; to rise
高兴	高興	gao1xing4	happy; glad; willing (to do something)
矛	矛	mao2	spear (Kangxi radical 110); lance
橘	橘	ju2	tangerine
橘子	橘子	ju2zi5	tangerine; mandarin orange
举	舉	ju3	lift; raise; cite; choose; entire
举行	舉行	ju3xing2	convene; to hold (a meeting, ceremony, etc.)
句	句	ju4	(mw for sentences or lines); clause; phrase
句子	句子	ju4zi5	sentence
局	局	ju2	office; situation; gathering; part; (mw for games, rounds, matches, etc.)
邮局	郵局	you2ju2	post office
局长	局長	ju2zhang3	director of a bureau
够	夠	gou4	enough; to reach
能够	能夠	neng2gou4	capable of; able to
付	付	fu4	to pay; hand over
附	附	fu4	attach; close to
附近	附近	fu4jin4	(in the) vicinity; nearby; neighboring
府	府	fu3	seat of government; prefecture; official residence; mansion
政府	政府	zheng4fu3	government
凶	凶	xiong1	fierce; terrible; ominous
离	離	li2	leave; depart; go away; part from
遇	遇	yu4	meet with; encounter
脱	脫	tuo1	to shed (of hair, skin); take off; to escape
建	建	jian4	establish; to build; to construct
建设	建設	jian4she4	build; construct; construction
建立	建立	jian4li4	establish; to construct; to set up
健	健	jian4	healthy; robust; strength
健儿	健兒	jian4'er2	good athlete
廷	廷	ting2	the court (of a feudal ruler); the seat of a monarchical government; palace courtyard
庭	庭	ting2	courtyard; spacious hall or yard
家庭	家庭	jia1ting2	family; household
挺	挺	ting3	straighten up; stick out; rather (good); very
挺立	挺立	ting3li4	stand erect; stand upright
肖	肖	xiao4, xiao1	resemble; look like<br/>surname Xiao
消	消	xiao1	disappear; eliminate; use up (time)
取消	取消	qu3xiao1	cancel; abolish
消化	消化	xiao1hua4	to digest
息	息	xi1	breath; news; interest (on money); cease; to stop; to rest
消息	消息	xiao1xi5	news; information; message
留	留	liu2	leave (behind, a message); retain; stay
留念	留念	liu2nian4	to keep as a souvenir
留学生	留學生	liu2xue2sheng1	exchange student; foreign student
派	派	pai4	school; group; to dispatch; send; assign; pi (Greek letter Ππ); (loanword) pie
派别	派別	pai4bie2	denomination; group; school; faction; school of thought; sect
派系	派系	pai4xi4	groups or factions (within a political party, etc.); wing
派头	派頭	pai4tou2	air; style; manner; panache
展	展	zhan3	[display] develop; spread out; unfold; postpone; exhibit
发展	發展	fa1zhan3	develop; development; growth
展出	展出	zhan3chu1	to put on display; be on show; to exhibit
畏	畏	wei4	to fear; to dread; awe; reverence
喂	喂	wei2, wei4	hello (on the phone); hey
候	候	hou4	await; inquire after
时候	時候	shi2hou5	time; length of time; moment
有时候	有時候	you3 shi2hou5	sometimes
气候	氣候	qi4hou4	climate; atmosphere; weather
齐	齊	qi2	[tidy] even; aligned; be level with; neat; uniform (Kangxi radical 210)<br/>surname
整齐	整齊	zheng3qi2	tidy; neat; in good order
一齐	一齊	yi4qi2	at the same time; in unison; simultaneously
挤	擠	ji3	crowded; to squeeze; to jostle
挤奶	擠奶	ji3nai3	to milk (an animal)
济	濟	ji4, ji3	[bring relief] aid; helpful; ferry; cross (a river)<br/>numerous; (used in place names)
经济	經濟	jing1ji4	economy; economic
黑	黑	hei1	black; dark (Kangxi radical 203)
黑板	黑板	hei1ban3	blackboard
黑市	黑市	hei1 shi4	black market
黑白	黑白	hei1bai2	black and white; right and wrong
曾	曾	ceng2, zeng1	once; in the past; separated by two generations; surname Zeng
增	增	zeng1	increase; expand; add
增加	增加	zeng1jia1	increase; raise; add
增长	增長	zeng1zhang3	grow; to increase; enrich
免	免	mian3	exempt; remove; avoid
晚	晚	wan3	evening; night; late
晚饭	晚飯	wan3fan4	dinner; supper
晚上	晚上	wan3shang5	evening; night
晚会	晚會	wan3hui4	evening party; social evening
象	象	xiang4	elephant; shape; form; appearance; imitate
像	像	xiang4	be like; resemble; appearance; image
好像	好像	hao3xiang4	seem like
换	換	huan4	change; to exchange; to barter; to trade
冈	岡	gang1	ridge; mound
刚	剛	gang1	just (immediate past); firm; exactly
刚才	剛才	gang1cai2	just now; a moment ago
刚刚	剛剛	gang1gang1	just recently; just a moment ago; just now
钢	鋼	gang1	steel
钢笔	鋼筆	gang1bi3	fountain pen
鸟	鳥	niao3	bird (Kangxi radical 196)
鸡	雞	ji1	chicken
虫	虫	chong2	(Kangxi radical 142) worm; insect
虽	雖	sui1	although; even though
虽然	雖然	sui1ran2	although; even though
舟	舟	zhou1	boat (Kangxi radical 137)
般	般	ban1	sort; kind; class; way
一般	一般	yi4ban1	general; ordinary; common; same
搬	搬	ban1	move; take away; remove; transport
搬家	搬家	ban1jia1	to move house
迎	迎	ying2	to welcome; greet; to face
欢迎	歡迎	huan1ying2	to welcome; greet
迎接	迎接	ying2jie1	meet; greet; to welcome
氏	氏	shi4	clan; family name (kangxi radical 83)
纸	紙	zhi3	paper
报纸	報紙	bao4zhi3	newspaper
低	低	di1	low; beneath; lower (one's head); droop
低调	低調	di1diao4	low-key; low-profile
永	永	yong3	forever; always; eternal
永远	永遠	yong3yuan3	forever; eternal; always
泳	泳	yong3	to swim
族	族	zu2	race; nationality; ethnicity; clan
民族	民族	min2zu2	nationality; ethnic group
游	游	you2	to swim; to travel; to tour; roam
游泳	游泳	you2yong3	to swim
冬	冬	dong1	winter
冬天	冬天	dong1tian1	winter
疼	疼	teng2	ache; sore; (it) hurts; love fondly
头疼	頭疼	tou2teng2	have a headache
图	圖	tu2	diagram; plan; picture; pursue; seek; plan for
地图	地圖	di4tu2	map
春	春	chun1	spring (season); joyful
春天	春天	chun1tian1	spring (season)
春节	春節	Chun1 jie2	Spring Festival (Chinese New Year)
秋	秋	qiu1	autumn; fall; harvest time
秋天	秋天	qiu1tian1	autumn; fall
夏	夏	xia4	summer
夏天	夏天	xia4tian1	summer
丸	丸	wan2	ball; pill; pellet
执	執	zhi2	to grasp; hold in hand; execute (a plan)
热	熱	re4	heat; hot; heat up
热情	熱情	re4qing2	cordial; passionate; enthusiastic; warmth; warm-hearted
热点	熱點	re4dian3	hot spot; focus; point of special interest
热爱	熱愛	re4'ai4	love ardently; adore; passion
热带	熱帶	re4dai4	tropic; tropical
热心	熱心	re4xin1	enthusiastic; zealous; warmhearted
享	享	xiang3	enjoy; to benefit; have use of
熟	熟	shu2, shou2	ripe; cooked; familiar; skilled
成熟	成熟	cheng2shu2	mature; ripe
面熟	面熟	mian4shu2	to look familiar; familiar-looking
坚	堅	jian1	strong; solid; firm
坚持	堅持	jian1chi2	persist in; persevere
坚决	堅決	jian1jue2	Persistent in doing something; resolute; determined; uncompromising
紧	緊	jin3	tight; urgent; nervous
紧张	緊張	jin3zhang1	nervous; strained; stressed out
要紧	要緊	yao4jin3	important; urgent; essential
不要紧	不要緊	bu2 yao4jin3	it's not serious; never mind; doesn't matter
览	覽	lan3	to see; to view; read
展览	展覽	zhan3lan3	put on display; to exhibit; exhibition
游览	遊覽	you2lan3	go sight-seeing; tour
监	監	jian1, jian4	supervise; inspect; supervisor; eunuch; imperial office
蓝	藍	lan2	blue
蓝图	藍圖	lan2tu2	blueprint
篮	籃	lan2	basket; (sports) basketball goal; basket
篮球	籃球	lan2qiu2	basketball
福	福	fu2	[blessing] good fortune; happiness; luck
幸福	幸福	xing4fu2	happy; blessed; fortunate
富	富	fu4	wealthy
丰	丰	feng1	good-looking
丰富	豐富	feng1fu4	rich; enrich; abundant; plentiful
丰产	豐產	feng1chan3	high yield; bumper crop
邦	邦	bang1	nation; country; state
帮	幫	bang1	to help; assist; group; gang
帮助	幫助	bang1zhu4	help; assist; aid
帮忙	幫忙	bang1mang2	to help (with a favour)
韦	韋	wei2	tanned leather (Kangxi radical 178); a common surname
围	圍	wei2	encircle; surround; enclose
周围	周圍	zhou1wei2	surroundings; vicinity; environment
伟	偉	wei3	big; large; great
挂	掛	gua4	hang; put up; suspend
挂号	掛號	gua4hao4	register for a turn with a service; to “take a number”; send by registered mail
封	封	feng1	confer; to seal; bestow; (mw for letters)
信封	信封	xin4feng1	envelope
封建	封建	feng1jian4	feudal; feudalism
封里	封裡	feng1li3	inside front/back cover (of a book)
街	街	jie1	street
街道	街道	jie1dao4	street; residential area
革	革	ge2	leather (Kangxi radical 177); to reform
鞋	鞋	xie2	shoes
脱鞋	脫鞋	tuo1xie2	take off one's shoes
鞋带	鞋帶	xie2dai4	shoelace
双	雙	shuang1	two; double; (mw for pairs)
双方	雙方	shuang1fang1	bilateral; both sides; both parties involved
双号	雙號	shuang1hao4	even numbers
炼	煉	lian4	refine; smelt
练	練	lian4	to practice; to train; to drill
熟练	熟練	shu2lian4	practiced; proficient; skilled
段	段	duan4	paragraph; segment; section; period of time; (mw for segments)
手段	手段	shou3duan4	method; means (of doing sth.)
锻	鍛	duan4	forge metal; to temper; refine; to discipline
锻炼	鍛煉	duan4lian4	exercise; work out; toughen; to temper
屯	屯	tun2, zhun1	station (soldiers); store up; collect; village [often in village names]; difficult
顿	頓	dun4	pause; arrange; stamp feet; suddenly; (mw for meals, events)
烦	煩	fan2	feel vexed; annoyed; to trouble; to bother
烦劳	煩勞	fan2lao2	to trouble (somebody to do something)
斥	斥	chi4	to blame; reprove; accuse
诉	訴	su4	to complain; to accuse; to sue; to tell; to inform
告诉	告訴	gao4su5	to tell; inform; let sb. know
约	約	yue1, yao1	make an appointment; agreement; arrange; economize; approximately<br/>to weigh
药	藥	yao4	medicine; drug; cure; chemical
争	爭	zheng1	struggle; fight/compete for; argue over
净	淨	jing4	clean; cleanse; all gone; all; only
干净	乾淨	gan1jing4	clean; neat and tidy
静	靜	jing4	still; calm; quiet
安静	安靜	an1jing4	quiet; peaceful; calm
平静	平靜	ping2jing4	calm; peaceful; tranquil; serene
朝	朝	chao2, zhao1	to face; towards; dynasty; morning; day
朝阳	朝陽	zhao1yang2	morning sun; (cháoyáng) exposed to the sun
卓	卓	zhuo2	outstanding; lofty
掉	掉	diao4	to drop; to fall
用掉	用掉	yong4diao4	used up
卖掉	賣掉	mai4diao4	to sell off; to get rid of in a sale
忘掉	忘掉	wang4diao4	forget; unlearn
桌	桌	zhuo1	table
桌子	桌子	zhuo1zi5	table; desk
敢	敢	gan3	to dare
不敢当	不敢當	bu4 gan3dang1	lit. I dare not (accept the honor); fig. I don't deserve your praise / you flatter me
休	休	xiu1	to rest; to stop
休息	休息	xiu1xi5	to rest; take a break
退	退	tui4	to retreat; decline; withdraw; return (goods)
退休	退休	tui4xiu1	retirement (from work); retire
腿	腿	tui3	leg
大腿	大腿	da4tui3	thigh
豆	豆	dou4	bean (Kangxi radical 151)
短	短	duan3	short (in length, duration)
短期	短期	duan3qi1	short-term
误	誤	wu4	to mistake; error; to delay
误会	誤會	wu4hui4	misunderstand; make a mistake
误点	誤點	wu4dian3	late; overdue; behind schedule
采	采	cai3	to pick; to gather; to extract; to collect
彩	彩	cai3	color; applause; cheer; variety; splendor; prize; blood from a wound
精彩	精彩	jing1cai3	brilliant; spectacular; wonderful
彩色	彩色	cai3se4	color; colorful
菜	菜	cai4	dish (type of food); cuisine; vegetables
白菜	白菜	bai2cai4	Chinese cabbage; bok choi; pak choi
做菜	做菜	zuo4cai4	cook; prepare/make dishes
饭菜	飯菜	fan4cai4	meal; food; cooking
点菜	點菜	dian3cai4	order food (in a restaurant)
番	番	fan1, pan1	(mw for acts or deeds); foreign; surname Pan
播	播	bo1	to broadcast; to sow; to spread
广播	廣播	guang3bo1	broadcast; on the air; anouncement
习	習	xi2	to practice; be used to; custom
学习	學習	xue2xi2	to learn; to study
复习	復習	fu4xi2	revise; to review
练习	練習	lian4xi2	practice; exercise
语系	語係	yu3xi4	language system
羽	羽	yu3	feather (Kangxi radical 124)
翻	翻	fan1	turn over; capsize; translate
翻新	翻新	fan1xin1	renovate; recondition; make over (house, furniture etc.)
翻跟头	翻跟頭	fan1gen1tou5	turn somersaults
译	譯	yi4	translate; interpret; decode
翻译	翻譯	fan1yi4	translator; interpreter; translate; interpret
余	余	yu2	excess; surplus; surname
除	除	chu2	besides; except; remove; to divide (mathematics)
除了	除了	chu2le5	besides; except for; aside from; in addition to
茶	茶	cha2	tea
红茶	紅茶	hong2cha2	red (black) tea
茶杯	茶杯	cha2bei1	teacup; mug
奇	奇	qi2, ji1	strange; rare; wonderful<br/>odd (number)
骑	騎	qi2	ride or sit (astride)
骑马	騎馬	qi2ma3	ride on horseback
椅	椅	yi3	chair
椅子	椅子	yi3zi5	chair
寄	寄	ji4	send; to mail; depend on
寄件人	寄件人	ji4jian4ren2	sender
昔	昔	xi1	the past; former times; a surname
错	錯	cuo4	mistake; error; miss an opportunity
错误	錯誤	cuo4wu4	error; mistake; mistaken
不错	不錯	bu2cuo4	not bad; pretty good; correct
借	借	jie4	lend; borrow; excuse
借用	借用	jie4yong4	to borrow sth. for another use; to borrow an idea for one's own use
散	散	san3, san4	to scatter; fall apart; loose; distribute; dispel
散布	散布	san4bu4	to scatter; disseminate; to spread
船	船	chuan2	a boat; vessel; ship
汽船	汽船	qi4chuan2	steamship; steamboat
船场	船場	chuan2chang3	shipyard
船员	船員	chuan2yuan2	sailor; seaman; crew
船票	船票	chuan2piao4	boat  ticket
铅	鉛	qian1	lead (metal)
铅笔	鉛筆	qian1bi3	pencil
蛋	蛋	dan4	egg
鸡蛋	雞蛋	ji1dan4	chicken egg
林	林	lin2	woods; forest; a common surname
楚	楚	chu3	distinct; clear; suffering; one of the Warring States
清楚	清楚	qing1chu5	clear; distinct; be clear about
麻	麻	ma2	hemp; numb; tingling; sesame (Kangxi radical 200)
麻烦	麻煩	ma2fan5	trouble (someone); troubling; bothersome
麻药	麻藥	ma2yao4	anesthetic
麻烦您	麻煩您	ma2fan5 nin2	would you mind...
嘛	嘛	ma5, ma2	modal article (used to emphasize the obvious, express hope, or give advice) 
隶	隶	li4	(subordinate), slave; belong to, capture (Kangxi radical 171)
康	康	kang1	peaceful; healthy; happy
健康	健康	jian4kang1	health; healthy
录	錄	lu4	to record; copy
录音	錄音	lu4yin1	sound recording; to record
记录	記錄	ji4lu4	to record; take notes; transcribe
绿	綠	lv4	green
红绿灯	紅綠燈	hong2lv4deng1	traffic lights; traffic signal
旅	旅	lv3	trip; travel; brigade 
旅行	旅行	lv3xing2	to travel; a journey
旅客	旅客	lv3ke4	traveler; tourist  
俞	俞	yu2	accede; consent; surname Yu
愉	愉	yu2	pleased; pleasant; loose garment
愉快	愉快	yu2kuai4	happy; joyful
输	輸	shu1	to transport; lose (a game, etc.)
运输	運輸	yun4shu1	transport; transportation
输出	輸出	shu1chu1	send out; export; output
输家	輸家	shu1jia1	a loser (gambling)
凉	涼	liang2, liang4	cool; cold<br/>make something cool/cold
凉快	涼快	liang2kuai5	pleasantly cool (temperature)
谅	諒	liang4	to forgive; to understand
宛	宛	wan3	winding; tortuous; similar
碗	碗	wan3	a bowl; a cup
饭碗	飯碗	fan4wan3	rice bowl; job; livelihood
香	香	xiang1	fragrant; savory (Kangxi radical 186)
香水	香水	xiang1shui3	perfume; cologne; scent
香精	香精	xiang1jing1	essence (of plant); seasoning
象棋	象棋	xiang4qi2	chess; Chinese chess
香客	香客	xiang1ke4	Buddhist pilgrim; Buddhist worshipper
香火	香火	xiang1huo3	burning incense
奴	奴	nu2	slave; servant
努	努	nu3	exert; strive; make an effort
努力	努力	nu3li4	work hard; strive
焦	焦	jiao1	burnt; scorched; anxious; worried; (metallurgy) coke
蕉	蕉	jiao1	banana; plantain; any of several broad-leafed plants
香蕉	香蕉	xiang1jiao1	banana
唐	唐	Tang2	Tang Dynasty; surname Tang
糖	糖	tang2	sugar; candy; sweets
糖果	糖果	tang2guo3	candy
糖衣	糖衣	tang2yi1	cake icing; sugar coating
酸	酸	suan1	sour; sore; ache
酸牛奶	酸牛奶	suan1niu2nai3	yogurt
委	委	wei3	entrust; committee; discard; accumulate
矮	矮	ai3	short; low
矮子	矮子	ai3zi5	dwarf
囱	囪	cong1, chuang1	chimney; window
窗	窗	chuang1	window
窗户	窗戶	chuang1hu5	window
寒	寒	han2	cold; poor; to tremble
赛	賽	sai4	compete; contest; match
比赛	比賽	bi3sai4	(sports) match; competition
赛跑	賽跑	sai4pao3	running race
遍	遍	bian4	all over; everywhere; once through; a time (mw for actions)
三遍	三遍	san1bian4	three times
篇	篇	pian1	sheet; (mw for articles); piece of writing
昌	昌	chang1	prosperous; flourishing; surname Chang
唱	唱	chang4	sing; call loudly; to chant
合唱	合唱	he2chang4	sing in chorus; a chorus
冒	冒	mao4	to emit; brave; bold; send out; to cover
感冒	感冒	gan3mao4	catch cold; (common) cold
帽	帽	mao4	hat; cap; headgear
帽子	帽子	mao4zi5	hat; cap
辰	辰	chen2	celestial body; morning; year of the  Dragon (Kangxi radical 161); 5th earthly branch
晨	晨	chen2	dawn; early morning
早晨	早晨	zao3chen5	(early) morning
贯	貫	guan4	pierce; thread for stringing holed copper coins; thread together
惯	慣	guan4	accustomed to; used to
习惯	習慣	xi2guan4	habit; usual practice; it's my habit to...; make it a habit...
尺	尺	chi3	one-third of a meter; ruler; musical note on Chinese scale; foot (in length and height)
公尺	公尺	gong1chi3	meter
迟	遲	chi2	late; slow
迟到	遲到	chi2dao4	be late; arrive late
尧	堯	Yao2	surname Yao; Tang Yao (one of five legendary emperors, 2200 BCE)
烧	燒	shao1	to burn; to cook; to stew
发烧	發燒	fa1shao1	have a fever
既	既	ji4	already; since; both
概	概	gai4	generally; outline; without exception
大概	大概	da4gai4	probably; roughly; approximate
牙	牙	ya2	tooth (Kangxi radical 92)
呀	呀	ya5, ya1	ah; oh; (used for 啊 after words ending with a, e, i, o, or u)
穿	穿	chuan1	to wear; put on; penetrate
戴	戴	dai4	put on; to wear (accessories); to respect
穿戴	穿戴	chuan1dai4	to dress; to get dressed; ; clothing; dress; apparel
乘	乘	cheng2	to ride; to mount; make use of; multiply
剩	剩	sheng4	remainder; left over; surplus
官	官	guan1	an official; governmental; organ (of the body)
馆	館	guan3	house; building; establishment
图书馆	圖書館	tu2shu1guan3	library
曼	曼	man4	graceful; prolonged
慢	慢	man4	slow
慢车	慢車	man4che1	slow bus; slow train
慢慢	慢慢	man4man4	slowly
罢	罷	ba4	to stop; to cease; dismiss
摆	擺	bai3	to put (on); state clearly; arrange; to sway; pendulum
摆设儿	擺設兒	bai3she4'er5	decorations
舞	舞	wu3	to dance; wield; brandish
兆	兆	zhao4	omen; million (PRC); trillion (Taiwan); mega- (PRC); tera- (Taiwan); megabyte (PRC)
跳	跳	tiao4	jump; hop; skip
跳舞	跳舞	tiao4 wu3	to dance
跳高	跳高	tiao4gao1	high jump (athletics)
甫	甫	fu3	just; only
辅	輔	fu3	to supplement; assist
辅导	輔導	fu3dao3	to coach; to tutor; give advice (in study)
傅	傅	fu4	tutor; teacher
师傅	師傅	shi1fu5	master; qualified worker; respectful form of address for service workers
并	并	bing4	and; also; really; together with
瓦	瓦	wa3, wa4	tile; earthenware; watt (Kangxi radical 98)
瓶	瓶	ping2	bottle; (mw for bottles)
瓶子	瓶子	ping2zi5	bottle
花瓶	花瓶	hua1ping2	(flower) vase; eye candy; trophy wife; things merely for show
祭	祭	ji4, zhai4	sacrifice to; worship; wield<br/>Surname Zhai
察	察	cha2	inspect; scrutinize
擦	擦	ca1	to wipe; to rub; to polish
末	末	mo4	end; final; tip
袜	襪	wa4	socks
袜子	襪子	wa4zi5	socks; stockings
兹	茲	zi1	herewith; now; at present
磁	磁	ci2	magnetic; magnetism; porcelain
磁带	磁帶	ci2dai4	cassette tape
丢	丟	diu1	lose (something); throw; put aside
丢掉	丟掉	diu1diao4	throw away; discard; lose
宴	宴	yan4	feast; banquet
宴会	宴會	yan4hui4	banquet; feast; dinner party
夜	夜	ye4	night; evening; darkness
夜里	夜裡	ye4li5	at night; nighttime
半夜	半夜	ban4ye4	midnight; middle of the night
假	假	jia3, jia4	fake; if; borrow<br/>vacation; holiday
放假	放假	fang4 jia4	have a holiday or vacation
请假	請假	qing3jia4	ask for time off
寒假	寒假	han2jia4	winter vacation
墙	牆	qiang2	wall
爬墙	爬牆	pa2qiang2	to climb a wall
赢	贏	ying2	to win; to beat; to profit
赢利	贏利	ying2li4	payoff; profit; gain