小玲	小玲	xiao3ling2	Xiao Ling, a given name, usually for woman
阿健	阿健	A1jian4	Male name
聊天室	聊天室	liao2tian1shi4	chat room
上班族	上班族	shang4ban1zu2	office workers (as a social group)
与其	與其	yu3qi2	rather than; better than
冷清	冷清	leng3qing1	cold and cheerless; lonely; deserted
高就	高就	gao1jiu4	be employed; be promoted
部门	部門	bu4men2	department; branch; section
厉害	厲害	li4hai5	terrible; formidable; fierce; cool; awesome
加班	加班	jia1 ban1	work overtime; work an extra shift; work extra hours
类	類	lei4	kind; type; class; category; resemble
恐怖片	恐怖片	kong3bu4pian4	horror film
爱情片	愛情片	ai4qing2 pian4	romantic movie
吓	嚇	xia4, he4	frighten; to scare; intimidate
哭	哭	ku1	cry; weep
上瘾	上癮	shang4yin3	become addicted; get into a habit
刺激	刺激	ci4ji1	to excite; exciting; to stimulate; to invigorate
简直	簡直	jian3zhi2	simply; at all
胆子	膽子	dan3zi5	courage; nerves
部	部	bu4	part; section; department; (mw for machines; movies; books)
限制级	限制級	xian4zhi4ji2	restricted (movie); adult (film)
电影院	電影院	dian4ying3yuan4	cinema; movie theater
呃	呃	e4	sound expressing hesitation; hiccup; used at end of sentence to express surprise or admiration
建设公司	建設公司	jian4she4gong1si1	Construction Company 
业务经理	業務經理	ye4wu4 jing1li3	business manager
室内设计	室內設計	shi4nei4 she4ji4	interior design
温暖	溫暖	wen1nuan3	warm; warmth; kindness
目前	目前	mu4qian2	at present; now; for the moment
所	所	suo3	place; office; that which; (mw for houses, buildings, facilities)
就读	就讀	jiu4du2	attend school
不至于	不至於	bu2zhi4yu2	cannot go so far; not to such an extent as to
但	但	dan4	but; yet; however
放学	放學	fang4xue2	dismiss from school; after school
候	候	hou4	await; inquire after
解决	解決	jie3jue2	settle (a dispute); resolve; solve; dispose of; finish off
寂寞	寂寞	ji4mo4	lonely; lonesome
网友	網友	wang3you3	online friend; internet user; netizen 
陪伴	陪伴	pei2ban4	accompany
电脑	電腦	dian4nao3	computer
进入	進入	jin4ru4	enter; join; get into; take on
线上	線上	xian4shang4	online
感情	感情	gan3qing2	feeling; emotion; affection; love; in relationship
小气	小氣	xiao3qi4	stingy; petty
时	時	shi2	time; o'clock; when
往往	往往	wang3wang3	often; frequently; more often than not
打气	打氣	da3qi4	inflate; encourage
安慰	安慰	an1wei4	to comfort; to console
心里	心裡	xin1li5	at heart; in one's heart and mind
大胆	大膽	da4dan3	daring; brazen; audacious; bold
纾解	紓解	shu1jie3	relieve; alleviate; ease pressure
转换	轉換	zhuan3huan4	to transform; to change; to convert
虚拟	虛擬	xu1ni3	fictitious; hypothetical; virtual
现实	現實	xian4shi2	reality; actuality; practical; real; actual
心理	心理	xin1li3	mental; psychological; mentality 
即使	即使	ji2shi3	even if; even though
责备	責備	ze2bei4	to blame; criticize (sb.); accuse
期待	期待	qi1dai4	look forward to; await; expectation
喘气	喘氣	chuan3qi4	pant; gasp for breath
自在	自在	zi4zai5	free; unrestrained; at ease; comfortable
交友	交友	jiao1you3	to make friends
暴力	暴力	bao4li4	violence
点	點	dian3	spot; drop; dot; point; a bit; a little; o'clock; to order (in a restaurant); to light; to ignite
懂得	懂得	dong3de5	understand; to grasp; know
陷阱	陷阱	xian4jing3	pitfall; trap; snare
明星高中	明星高中	ming2xing1gao1zhong1	distinguished high school
早出晚归	早出晚歸	zao3chu1wan3gui1	go out early and return late
打开	打開	da3kai1	to open; turn on
喘不过气	喘不過氣	chuan3bu2guo4qi4	unable to breathe easily
躲进	躲進	duo3jin4	hide
掉进	掉進	diao4jin4	throw into
李云真	李雲真	li3yun2zhen1	Li Yunzhen
眼睛	眼睛	yan3jing5	eye
耳朵	耳朵	er3duo5	ear
飨宴	饗宴	xiang3yan4	feast; banquet
打扮	打扮	da3ban5	dress up; put on make up; way or style of dressing
音乐厅	音樂廳	yin1yue4ting1	concert hall
表演	表演	biao3yan3	perform; performance
整齐	整齊	zheng3qi2	tidy; neat; in good order
穿著	穿著	chuan1zhuo2	attire; clothes; dress; wearing
丢脸	丟臉	diu1lian3	lose face; be disgraced
短裤	短褲	duan3ku4	shorts; knickers; pants
凉鞋	涼鞋	liang2xie2	sandals
挡	擋	dang3, dang4	to block; hinder; gear; equipment; arrange; put in order
演出者	演出者	yan3chu1zhe3	performer
尊重	尊重	zun1zhong4	to respect; to value; to esteem; to honor; eminent; serious; proper
社交	社交	she4jiao1	social contact
免得	免得	mian3de5	so as not to; so as to avoid
中场	中場	zhong1chang3	half-time; intermission; midfield/mid-court; 
准时	準時	zhun3shi2	punctually; on time; on schedule
礼貌	禮貌	li3mao4	courtesy; politeness; manners
或	或	huo4	or; perhaps
熟	熟	shu2, shou2	ripe; cooked; familiar; skilled
提	提	ti2, di1	to carry; to lift; to raise (an issue)
咳嗽	咳嗽	ke2sou5	to cough
关	關	guan1	to close; shut; concern; relationship; turn off; mountain pass
哇	哇	wa1, wa5	wow; (sound of crying or vomiting); (used for 啊 after words ending with u or ao)
水准	水準	shui3zhun3	level; standard; water level
手册	手冊	shou3ce4	handbook; manual
洗手间	洗手間	xi3shou3jian1	toilet; lavatory; washroom; restroom
提醒	提醒	ti2xing3	remind; call attention to; warn of
响	響	xiang3	make a sound; noisy; noise; echo
糟	糟	zao1	dregs; distillers' grain; to waste; spoil; in a mess; pickle with wine dregs or in wine
嘘	噓	xu1, shi1	(slowly) exhale; hiss; sigh; sh! hush!
看不成	看不成	kan4bu4cheng2	to miss out
联络感情	聯絡感情	lian2luo4gan3qing2	to make friendly contacts; to make connections
擤鼻涕	擤鼻涕	xing3bi2ti4	blow one's nose
场	場	chang3, chang2	courtyard; place; field; (mw for games, performances, etc.)<br/>threshing floor
强调	強調	qiang2diao4	emphasize; to stress
团体	團體	tuan2ti3	group; organization; team
千万	千萬	qian1wan4	ten million; be sure to; must
钢琴	鋼琴	gang1qin2	piano
小提琴	小提琴	xiao3ti2qin2	violin; fiddle
古典	古典	gu3dian3	classical
画家	畫家	hua4jia1	painter (artist)
画	畫	hua4	draw; picture; painting
舞蹈	舞蹈	wu3dao3	dance
文学	文學	wen2xue2	literature
绘画	繪畫	hui4hua4	drawing; painting
等	等	deng3	wait; await; when; till; class; rank; grade; kind; sort; equal; and so on; etc.
寺庙	寺廟	si4miao4	temple; monastery
表现	表現	biao3xian4	to show; to display; show off; manifestation; performance
之	之	zhi1	(literary equivalent to 的); (pronoun); of
剧情	劇情	ju4qing2	the story (or plot) of a play or opera
导演	導演	dao3yan3	to direct; director
所	所	suo3	place; office; that which; (mw for houses, buildings, facilities)
红	紅	hong2	red; symbol of success; bonus; popular
明星	明星	ming2xing1	(movie, etc.) star; celebrity
演技	演技	yan3ji4	acting skill; performing capacity
得	得	de2, dei3, de5	obtain; must; (complement particle)
奖	獎	jiang3	prize; award; encouragement
广场	廣場	guang3chang3	public square; plaza
或	或	huo4	or; perhaps
仔细	仔細	zi3xi4	careful; attentive; cautious
留意	留意	liu2yi4	to be mindful; to pay attention to; keep one's eyes open
处处	處處	chu4chu4	everywhere; in all respects
满足	滿足	man3zu2	satisfied; contented; satisfy; meet the needs of
丰盛	豐盛	feng1sheng4	sumptuous; lavish
国家戏剧院	國家戲劇院	guo2jia1xi4ju4yuan4	National Theater
云门舞集	雲門舞集	Yun2men2 Wu3ji2	Cloud Gate Theater, a modern dance group from Taipei
国家音乐厅	國家音樂廳	Guo2jia1yin1yue4ting1	National Concert Hall
金马影展	金馬影展	Jin1ma3 Ying3zhan3	Golden Horse Film Festival in Taipei
现代舞	現代舞	xian4dai4wu3	contemporary dance
无人不知无人不晓	無人不知無人不曉	 wu2ren2 bu4zhi1 wu2ren2 bu4 xiao3	known to all
百闻不如一见	百聞不如一見	bai3 wen2 bu4ru2 yi2jian4	a picture is worth a thousand words; (literally) hearing a hundred times is not as good as seeing once
老街	老街	lao3jie1	old street; Laojie Shenzhen Metro Station
街头艺术	街頭藝術	jie1tou2yi4shu4	Street Art
装置艺术	裝置藝術	zhuang1zhi4yi4shu4	installation art
填饱	填飽	tian2bao3	fill yourself up
口腹之欲	口腹之慾	kou3fu4zhi1yu4	have a great appetite
李文丽	李文麗	Li3wen2li4	Li Wenli
外婆	外婆	wai4po2	maternal grandmother
女装	女裝	nv3zhuang1	ladies' wear; women's clothing
何必	何必	he2bi4	why should; there is no need to
指	指	zhi3	finger; to point; refer to
划算	划算	hua2suan4	(colloquial) worth the price; to one's profit or benefit; consider; calculate
身材	身材	shen1cai2	build; figure; stature (weight & height)
模特儿	模特兒	mo2te4r5	a (fashion) model
不见得	不見得	bu2jian4de5	not necessarily; not likely
仿冒品	仿冒品	fang3mao4pin3	counterfeit object; imitation; fake; pirated goods
瑕疵	瑕疵	xia2ci1	flaw; blemish
图片	圖片	tu2pian4	image; picture; photograph
落差	落差	luo4cha1	drop in elevation (of water); gap (in wages, expectations etc)
提供	提供	ti2gong1	to supply; provide; furnish
资讯	資訊	zi1xun4	information
疑问	疑問	yi2wen4	doubt; question; query
嘛	嘛	ma5, ma2	modal article (used to emphasize the obvious, express hope, or give advice) 
惯	慣	guan4	accustomed to; used to
浏览	瀏覽	liu2lan3	browse; glance over; skim through
后悔	後悔	hou4hui3	to regret; repent
深夜	深夜	shen1ye4	very late at night
任何	任何	ren4he2	any; whatever; whichever
骇客	駭客	hai4ke4	hacker (computing)
盗用	盜用	dao4yong4	use illegally
认证	認證	ren4zheng4	authenticate; approve; certification; authentification
银发族	銀髮族	yin2 fa1 zu2	silver head
从前	從前	cong2qian2	previously; formerly; in the past; once upon a time
通常	通常	tong1chang2	regular; usual; normal; ordinary; usually
取货	取貨	qu3huo4	to pick up merchandise
付款	付款	fu4 kuan3	to pay
云端科技	雲端科技	yun2duan1ke1ji4	Cloud technology
宅经济	宅經濟	zhai2jing1ji4	Otaku (stay-at-home)/ the express economy
用不惯	用不慣	yong4bu2guan4	cannot get used to using
退换	退換	tui4huan4	exchange/replace a purchase
信用卡	信用卡	xin4yong4ka3	credit card
缩短	縮短	suo1duan3	shorten; cut down; curtail
人们	人們	ren2men5	people
距离	距離	ju4li2	distance; be apart from
取代	取代	qu3dai4	substitute; replace; supersede
信	信	xin4	to believe; to trust; letter
影集	影集	ying3ji2	mini series on television; photo album
取得	取得	qu3de2	obtain; acquire; to gain
例如	例如	li4ru2	for example; for instance
民众	民眾	min2zhong4	populace; masses; the people
高速公路	高速公路	gao1su4 gong1lu4	highway
前	前	qian2	before; in front; forward
查询	查詢	cha2xun2	to inquire about
路况	路況	lu4kuang4	road conditions; traffic
避开	避開	bi4kai1	avoid; evade; keep away from
路段	路段	lu4duan4	section of a highway/railway
若	若	ruo4	be like; as if; if
运用	運用	yun4yong4	to use; apply; wield; utilize
病历	病歷	bing4li4	medical record; case history
例子	例子	li4zi5	example; case; instance
更加	更加	geng4jia1	more; even more
原本	原本	yuan2ben3	original; originally; formerly
忙碌	忙碌	mang2lu4	busy; bustle about
确实	確實	que4shi2	indeed; in truth; reliable; really
控制	控制	kong4zhi4	to control
表弟	表弟	biao3di4	younger male cousin (sons of paternal aunts or maternal uncles and aunts)
退步	退步	tui4bu4	step backward; fall behind; retrogress; give way; leeway
过度	過度	guo4du4	excessive; exceeding; lavishly
与	與	yu3, yu4, yu2	(formal) and; to give; together with; participate
生理	生理	sheng1li3	physiology
盯	盯	ding1	to stare; to gaze
萤幕	螢幕	ying2mu4	monitor; screen (TW)
疲倦	疲倦	pi2juan4	tired; weary
视力	視力	shi4li4	vision; eyesight
家长	家長	jia1zhang3	parent or guardian of a child; head of a family
此外	此外	ci3wai4	besides; in addition; moreover
户外	戶外	hu4wai4	outdoor 
人类	人類	ren2lei4	humanity; human race; mankind
正面	正面	zheng4mian4	front; obverse side; right side; positive; direct; open
同时	同時	tong2shi2	at the same time; simultaneously
负面	負面	fu4mian4	negative; the negative side
沉迷	沉迷	chen2mi2	indulge; wallow; confused; bewildered
无形中	無形中	wu2xing2zhong1	imperceptibly; virtually
远距教学	遠距教學	yuan3ju4jiao1xue2	distance learning 
大吵大闹	大吵大鬧	da4chao3da4nao4	make loud noises; shout and scream; make a scene
焦虑不安	焦慮不安	jiao1lv4bu4'an1	overly worried
总而言之	總而言之	zong3er2yan2zhi1	in short; in a word
该	該	gai1	should; deserve; it is time for (something); this (formal)
摆	擺	bai3	to put (on); state clearly; arrange; to sway; pendulum
总算	總算	zong3suan4	at long last; finally; on the whole
欸	欸	ai3, ei4, e1	(sigh); eh! (this character has many, many readings depending on context, region and so on)
呀	呀	ya5, ya1	ah; oh; (used for 啊 after words ending with a, e, i, o, or u)
衣橱	衣櫥	yi1chu2	wardrobe; closet
梳妆台	梳妝檯	shu1zhuang1 tai2	dressing table; furniture used by woman for dressing, equipped with mirrors and drawers
位置	位置	wei4zhi5	position; place; seat
空间	空間	kong1jian1	space; open air
科学	科學	ke1xue2	science; scientific knowledge
风水师	風水師	feng1shui3shi1	Feng Shui master
在意	在意	zai4 yi4	care about; mind; care
所谓	所謂	suo3wei4	so-called (not derogatory); what is referred to as
角度	角度	jiao3du4	angle; point of view
改造	改造	gai3zao4	to change; alter; to transform
学问	學問	xue2wen5	learning; knowledge
居住	居住	ju1zhu4	reside; dwell; to live (in a place)
日常	日常	ri4chang2	daily; everyday
布置	布置	bu4zhi4	arrange; lay out; decorate; assign
凶猛	凶猛	xiong1meng3	fierce; ferocious; savage
动物	動物	dong4wu4	animal
刀	刀	dao1	knife; blade (Kangxi radical 18)
剑	劍	jian4	sword 
脾气	脾氣	pi2qi5	temperament; disposition; temper; bad temper
暴躁	暴躁	bao4zao4	irritable
冲动	衝動	chong1dong4	impulsive; act on impulse
镜子	鏡子	jing4zi5	mirror; (colloquial) eyeglasses
床脚	床腳	chuang2jiao3	foot of the bed
光	光	guang1	light; ray; bright; only; merely; used up
摆饰	擺飾	bai3shi4	decor, ornaments
老婆	老婆	lao3po2	wife (informal)
把	把	ba3, ba4	(mw for things with handles); (pretransitive particle); to hold<br/>a grip; a handle; stem (of plants)
欺负	欺負	qi1fu5	to bully; intimidate
风水学	風水學	feng1shui3xue2	the study of Feng Shui
正对门	正對門	zheng4dui4men2	directly facing the door
譬如说	譬如說	pi4ru2shuo1	for example
一口气	一口氣	yi4kou3qi4	in one breath; in one go
死定了	死定了	si3ding4le5	to be screwed; to be toast
地理	地理	di4li3	geography
便利性	便利性	bian4li4xing4	convenience
周边	周邊	zhou1bian1	surrounding; periphery; rim; peripheral (computing)
住宅	住宅	zhu4zhai2	residence; dwelling; tenement
词	詞	ci2	word; term; statement; classical Chinese poetry using a set pattern
西元	西元	xi1yuan2	A.D. (Anno Domini)
推翻	推翻	tui1fan1	to overthrow; to overturn; topple; repudiate; cancel; to reverse
心中	心中	xin1zhong1	in one's thoughts; in one's heart
名言	名言	ming2yan2	well-known saying; famous remark
建造	建造	jian4zao4	construct; to build; make
塑造	塑造	su4zao4	to shape; to mold; to model
命运	命運	ming4yun4	fate; destiny
本身	本身	ben3shen1	itself; in itself; per se
地标	地標	di4biao1	landmark
参考	參考	can1kao3	to reference; refer to; consult
外观	外觀	wai4guan1	to view sth. from the outside; exterior appearance or condition
叠	疊	die2	to fold; (mw for folded things)
盆子	盆子	pen2zi5	basin
斜	斜	xie2	slanting; tilted
墙面	牆面	qiang2mian4	wall face
聚宝盆	聚寶盆	ju4bao3pen2	magic cauldron; (literally) collect treasure bowl
角	角	jiao3, jue2	horn; angle; unit of money (1/10 yuan); corner (Kangxi radical 148)<br/>role (theater)
龙	龍	long2	dragon (Kangxi radical 212)
古	古	gu3	ancient; old
钱币	錢幣	qian2bi4	money
屋顶	屋頂	wu1ding3	roof
龟	龜	gui1	tortoise; turtle (Kangxi radical 213)
招财	招財	zhao1cai2	inviting wealth
侧门	側門	ce4men2	side entrance/door
遮雨棚	遮雨棚	zhe1yu3peng2	canopy, awning
如意	如意	ru2yi4	according to one's wishes; jade ornament symbolizing good luck
设计	設計	she4ji4	to plan; to design; design
偶然	偶然	ou3ran2	(adjective) accidental; occasional; fortuitous; chance);; (adverb) accidentally; by accident; by chance; once in a while; occasionally
晋代	晉代	Jin4dai4	Jin Dynasty
郭璞	郭璞	guo1pu2	Guo Pu
英国	英國	Ying1guo2	Britain; England
邱吉尔	邱吉爾	Qiu1ji2'er3	Winston Churchill (1874-1965), UK politican and prime minister
信义路	信義路	xin4yi4lu4	Xinyi Road
松智路	松智路	song1zhi4lu4	Songzhi Road
一命二运三风水	一命二運三風水	yi2 ming4 er4 yun4 san1 feng1 shui3	fate is most important. luck is second. Feng Shui is third.
加起来	加起來	jia1qi5lai5	add together
咬钱龟	咬錢龜	yao3 qian2 gui1	money-biting turtle
十全十美	十全十美	shi2quan2shi2mei3	complete and beautiful
梦	夢	meng4	dream
排队	排隊	pai2 dui4	queue; stand in line
校刊	校刊	xiao4kan1	school newspaper
采访	採訪	cai3fang3	to interview; cover (news); make inquiries
校友	校友	xiao4you3	alumnus; schoolmate
博士	博士	bo2shi4	doctor; PhD
学位	學位	xue2wei4	academic degree; educational level
考	考	kao3	to test; take an exam; to check; verify; examine
司机	司機	si1ji1	driver; chauffeur
学士	學士	xue2shi4	scholar; bachelor; B.A. degree
地摊	地攤	di4tan1	market stall; roadside stall
现象	現象	xian4xiang4	appearance; phenomenon
稀奇	稀奇	xi1qi2	rare; strange; unusual and seldom seen
抢	搶	qiang3, qiang1	rob; snatch; fight/compete over; knock; bump into
批评	批評	pi1ping2	criticism; to criticize
浪费	浪費	lang4fei4	to waste; to squander; be extravagant
毕竟	畢竟	bi4jing4	after all; overall; when all is said and done
贡献	貢獻	gong4xian4	contribute; dedicate; contribution
的确	的確	di2que4	really; indeed
盲目	盲目	mang2mu4	blind; blindness; aimless
升学	升學	sheng1 xue2	enter the next higher school; graduate
逃避	逃避	tao2bi4	to escape; evade; shirk
就业	就業	jiu4ye4	employment; obtain a job
延后	延後	yan2hou4	Postpone; delay
啃老族	啃老族	ken3lao3zu2	adults still living with and depending on their parents
收摊	收攤	shou1tan1	to close up shop (said of street stalls)
清洁队员	清潔隊員	qing1jie2dui4yuan2	member of a team of sanitation workers
摆地摊	擺地攤	bai3 di4tan1	display goods for sale on a mat out on the street
大多数	大多數	da4duo1shu4	majority; most
话说回来	話說回來	hua4shuo1hui2lai5	returning to our main topic,...; that said,…
自食其力	自食其力	zi4shi2qi2li4	support oneself by one's own labor
下一期	下一期	xia4yi4qi2	next issue (of a periodical)
段	段	duan4	paragraph; segment; section; period of time; (mw for segments)
物价	物價	wu4jia4	(commodity) prices
上涨	上漲	shang4zhang3	to rise; go up (of water level, prices, etc.)
所得	所得	suo3de2	earnings; one's gains
涨	漲	zhang3, zhang4	rise (e.g. water, prices); swell; exceed capacity
勉强	勉強	mian3qiang3	reluctantly; with difficulty; force sb. to do sth.
根本	根本	gen1ben3	root; essence; fundamental; basic; simply
组织	組織	zu3zhi1	organize; organization
抗议	抗議	kang4yi4	protest
地价	地價	di4jia4	land price
房价	房價	fang2jia4	house price; cost of housing
高涨	高漲	gao1zhang3	upsurge; (tensions, etc.) run high
造成	造成	zao4cheng2	create; cause; give rise to; bring about
统计	統計	tong3ji4	statistics; to tally; to add up
穷忙	窮忙	qiong2mang2	Trying hard to make a living
全球	全球	quan2qiu2	whole world; global
景气	景氣	jing3qi4	economic prosperity; (economic) boom
施行	施行	shi1xing2	put in force; implement; apply; execute; perform
薪资	薪資	xin1zi1	salary
多年	多年	duo1nian2	many years; ages; long-lasting
未	未	wei4	not yet; did not; have not (8th Earthly Branch)
调高	調高	tiao2 gao1	to increase
裁员	裁員	cai2yuan2	to cut staff; to reduce the staff/the number of persons employed; to lay off employees
观察	觀察	guan1cha2	observe; to watch; to survey
彩券	彩券	cai3quan4	lottery ticket (MW:张)
中奖	中獎	zhong4jiang3	win a prize
做梦	做夢	zuo4 meng4	to dream; have a dream
发财	發財	fa1 cai2	to get rich; to make a fortune
脸色	臉色	lian3se4	complexion; look; facial expression
报导	報導	bao4dao3	report on; cover; news report; story; article; information
指出	指出	zhi3chu1	indicate; point out
创业	創業	chuang4ye4	begin an undertaking; start a major task; start a company
餐饮业	餐飲業	can1yin3ye4	catering trade
人生	人生	ren2sheng1	human life
及	及	ji2	and; to reach; up to
挑战	挑戰	tiao3zhan4	challenge (to a fight/contest)
培养	培養	pei2yang3	to train; cultivate; bring up; culture (micro-organisms); foster (a talent in sb.); groom (for a position)
实力	實力	shi2li4	(actual) strength
等待	等待	deng3dai4	wait (for); expect
拥有	擁有	yong1you3	have; possess; own
中国大陆	中國大陸	Zhong1guo2 da4lu4	mainland China
存不了	存不了	cun2bu4liao3	can't save (money)
无壳蜗牛	無殼蝸牛	wu2ke2wo1niu2	fig. people who cannot afford to buy their own house (TW: guaniu)
贫富不均	貧富不均	pin2fu4bu4jun1	poverty gap
苦哈哈	苦哈哈	ku3ha1ha1	to have difficulty getting by; • to struggle (financially etc)
另谋发展	另謀發展	ling4mou2fa1zhan3	to seek opportunities else where
恨不得	恨不得	hen4 bu5 de5	cannot bear not; dying to; can't wait until
一夜致富	一夜致富	yi2ye4zhi4fu4	become rich overnight
一片天	一片天	yi2pian4tian1	"place in the sun," a job that makes you happy and provides you with all the money and things that you want, paradise
高来恩	高來恩	gao1lai2'en1	name
地震	地震	di4zhen4	earthquake
摇	搖	yao2	to shake; to rock
厉害	厲害	li4hai5	terrible; formidable; fierce; cool; awesome
经常	經常	jing1chang2	day-to-day; constantly; often
倒	倒	dao3, dao4	collapse; fall; fail; exchange<br/>invert; move backwards; pour; contrary to expectations
桥	橋	qiao2	bridge
断	斷	duan4	to break; to stop; cut off; decide; certain
多	多	duo1	many; much; a lot of; more than
地区	地區	di4qu1	an area; a region; a district
强烈	強烈	qiang2lie4	intense; strong; violent
频率	頻率	pin2lv4	frequency
预测	預測	yu4ce4	forecast; predict
征兆	徵兆	zheng1zhao4	sign, omen
鸟类	鳥類	niao3lei4	{biology} birds (of any kind)
鸡	雞	ji1	chicken
预先	預先	yu4xian1	beforehand; prior
老鼠	老鼠	lao3shu3	rat; mice
猫	貓	mao1	cat
马	馬	ma3	horse (Kangxi radical 187)
证实	證實	zheng4shi2	to confirm (sth. to be true); to verify
应变	應變	ying4bian4	take emergency measures; meet a contingency
随手	隨手	sui2shou3	convenient; without extra trouble
白	白	bai2	white; snowy; pure; bright; empty (Kangxi radical 106)
嫌	嫌	xian2	to dislike; suspicion; grudge
事前	事前	shi4qian2	beforehand; in advance
总是	總是	zong3shi4	always; eventually
西欧	西歐	Xi1'ou1	Western Europe
北欧	北歐	bei3'ou1	Northern Europe
中欧	中歐	zhong1'ou1	China - Europe; Central Europe
澳洲	澳洲	Ao4zhou1	Australia
南美洲	南美洲	nan2mei3zhou1	South America
地球科学	地球科學	di4qiu2 ke1xue2	earth science
菲律宾	菲律賓	Fei1lv4bin1	the Philippines
天摇地动	天搖地動	tian1yao2di4dong4	swaying heavens and trembling earth, earth-shaking
压死	壓死	ya1si5	crush to death
灾情惨重	災情慘重	zai1qing2can3zhong4	in serious disaster
东半部	東半部	dong1ban4bu4	The Eastern Half
地震带	地震帶	di4zhen4dai4	seismic belt
救生包	救生包	jiu4sheng1bao1	Survival kit, survival pack
有备无患	有備無患	you3bei4wu2huan4	be prepared; preparedness averts peril
如何	如何	ru2he2	how; what; what way
逃生	逃生	tao2sheng1	flee for one's life; escape death
发达	發達	fa1da2	developed (country, etc.); flourishing; prosperous
天灾	天災	tian1zai1	natural disaster
灾害	災害	zai1hai4	disaster; calamity
程度	程度	cheng2du4	degree; extent; level
首先	首先	shou3xian1	first (of all); in the first place; firstly
其次	其次	qi2ci4	next; secondly
灾难	災難	zai1nan4	disaster; catastrophe
紧急	緊急	jin3ji2	urgent; pressing; critical; emergency
必需品	必需品	bi4xu1pin3	necessities; essentials
譬如	譬如	pi4ru2	for example; for instance; such as
手电筒	手電筒	shou3dian4tong3	flashlight; electric torch
饼干	餅乾	bing3gan1	biscuit; cracker; cookie
平时	平時	ping2shi2	ordinarily; in normal times; in peacetime
状况	狀況	zhuang4kuang4	condition; state; situation
慌张	慌張	huang1zhang1	flustered; flurried
停电	停電	ting2dian4	lose power; power outage
黑暗	黑暗	hei1'an4	dark; darkly; darkness
方向	方向	fang1xiang4	direction; orientation
集合	集合	ji2he2	gather; assemble; to muster
裂缝	裂縫	lie4feng4	crack; crevice
瓦斯	瓦斯	wa3si1	gas (loanword)
开关	開關	kai1guan1	power switch; open a gate
火灾	火災	huo3zai1	fire (disaster)
门框	門框	men2kuang4	door frame
歪	歪	wai1	askew; crooked; devious; recline to take a rest (colloquial)
头部	頭部	tou2bu4	head
冷静	冷靜	leng3jing4	calm; cool-headed; sober
稳	穩	wen3	stable; steady
柜子	櫃子	gui4zi5	cupboard; cabinet
墙壁	牆壁	qiang2bi4	wall
倒塌	倒塌	dao3ta1	to collapse; topple over
电梯	電梯	dian4ti1	elevator; lift
反而	反而	fan3'er2	on the contrary; instead
坚固	堅固	jian1gu4	firm; strong; sturdy
柱子	柱子	zhu4zi5	pillar; post
碰	碰	peng4	to touch; to bump; to encounter
形成	形成	xing2cheng2	to take shape; to form
三角形	三角形	san1jiao3xing2	triangle
保持	保持	bao3chi2	keep; maintain; preserve
平静	平靜	ping2jing4	calm; peaceful; tranquil; serene
指示	指示	zhi3shi4	indicate; instruct; instructions; directives
救援	救援	jiu4yuan2	to rescue; to support; to help; to assist
行动	行動	xing2dong4	to move; get around; action; operation
掉下来	掉下來	diao4xia4lai2	to fall
倒下来	倒下來	dao3xia4lai2	to push or fall down; fall over
救灾人员	救災人員	jiu4zai1ren2yuan2	rescue personnel
博文	博文	bo2wen2	blog article
玉珍	玉珍	yu4zhen1	Female Name
学妹	學妹	xue2mei4	junior female schoolmate
学弟	學弟	xue2di4	younger male schoolmate
弹	彈	dan4, tan2	pellet; bullet; bomb<br/>to pluck; to flick; to play (a stringed instrument); accuse
吉他	吉他	ji2ta1	guitar
交	交	jiao1	submit; deliver; turn over; intersect; to pay (money); friendship
家教	家教	jia1jiao4	tutor; tutoring; upbringing; family education
学长	學長	xue2zhang3	(polite) one's senior at school; department head (school/university)
还	還	hai2, huan2	still; yet; in addition; even.; repay; to return
进度	進度	jin4du4	speed or rate of progress; pace; work schedule
落后	落後	luo4hou4	backward; to lag (in technology); to fall behind
完成	完成	wan2cheng2	to complete; accomplish; fulfill
一连	一連	yi4lian2	in a row; in succession; running 
约会	約會	yue1hui4	appointment; engagement; date
一生	一生	yi4sheng1	all one's life; lifetime
时光	時光	shi2guang1	time; era; period of time
倒流	倒流	dao4liu2	to flow backwards; reverse flow
加强	加強	jia1qiang2	strengthen; reinforce; enhance
至少	至少	zhi4shao3	at least; (to say the) least
训练	訓練	xun4lian4	to train; to drill; to exercise; training
外国	外國	wai4guo2	foreign country
争取	爭取	zheng1qu3	fight for; compete for; strive
实习	實習	shi2xi2	to practice; field work; work as an intern
二分之一	二分之一	er4fen1zhi1yi1	one half
一下	一下	yi2xia4	a little bit/while; one time; once
到时候	到時候	dao4shi2hou5	until then; when the time comes
谈恋爱	談戀愛	tan2lian4'ai4	to court; be in love; have a love affair
低空飞过	低空飛過	di1kong1fei1guo4	to just scrape through with a narrow pass (in an exam)
有助于	有助於	you3zhu4yu2	be conducive to; contribute to; help to
寒暑假	寒暑假	han2shu3jia4	winter and summer vacations
暗恋	暗戀	an4lian4	have a crush on; love secretly
目光	目光	mu4guang1	sight; vision; view
移动	移動	yi2dong4	to move; to shift; mobile; migration
于是	於是	yu2shi4	therefore; hence; as a result; consequently
原来	原來	yuan2lai2	original; former; as it turns out
烦恼	煩惱	fan2nao3	worried; vexed
担任	擔任	dan1ren4	hold the post of; serve as
学生会	學生會	xue2sheng5hui4	student association; student union
会长	會長	hui4zhang3	president (of an association, society, club, committee, etc.)
校队	校隊	xiao4dui4	school team
队员	隊員	dui4yuan2	team member
高大	高大	gao1da4	tall; big; lofty
帅气	帥氣	shuai4qi4	handsome; dashing; elegant
双	雙	shuang1	two; double; (mw for pairs)
开朗	開朗	kai1lang3	open; cheerful; optimistic
微笑	微笑	wei1xiao4	smile
情人节	情人節	Qing2ren2jie2	Valentine's Day
亲手	親手	qin1shou3	personally; with one's own hands
巧克力	巧克力	qiao3ke4li4	chocolate (loan word)
当天	當天	dang4tian1	that day; the same day
堆	堆	dui1	pile up; to stack; heap; crowd; MW for heaps or piles
向	向	xiang4	direction; towards; to turn; to face
告白	告白	gao4bai2	public announcement; bulletin; to confess one's love
万人迷	萬人迷	wan4ren2mi2	an incredibly attractive and trendy woman, man, or thing
交往	交往	jiao1wang3	associate (with); have contact (with); to date
系花	系花	xi4hua1	the rose of a department; a beauty in a department of a university
追	追	zhui1	pursue; chase after; seek; woo
情书	情書	qing2shu1	love letter
态度	態度	tai4du5	manner; bearing; attitude; approach
暧昧	曖昧	ai4 mei4	ambiguous; shady; illicit; dubious
甜蜜	甜蜜	tian2mi4	sweet; happy
温柔	溫柔	wen1rou2	gentle and soft; tender
讯息	訊息	xun4xi1	message; information; news
忌妒	忌妒	ji4du5	jealous; envious
安全感	安全感	an1quan2gan3	feeling of security/safety
吃醋	吃醋	chi1cu4	be jealous (usually of a rival in love)
吵架	吵架	chao3jia4	to quarrel; to squabble; bicker
牵	牽	qian1	to lead along; to pull (an animal on a tether)
吻	吻	wen3	kiss; lips
劈腿	劈腿	pi1tui3	the splits (yoga, etc); two-timing; carry on a romantic relationship with two people at the same time
糟糕	糟糕	zao1gao1	terrible; too bad; how terrible; what bad luck; what a mess
何清源	何清源	he2qing1yuan2	Name
林荣华	林榮華	lin2rong2hua2	Name
一见锺情	一見鍾情	yi2jian4zhong1qing2	love at first sight
一举一动	一舉一動	yi4ju3yi2dong4	one's every action
前一天	前一天	qian2yi4tian1	the day before
已读不回	已讀不回	yi3du2bu4hui2	show as read without any reply (on a messaging platform)
王丽华	王麗華	wang2li4hua2	Person's name
鲁亚	魯亞	lu3ya4	Person's name
论文	論文	lun4wen2	thesis; paper; treatise
反正	反正	fan3zheng4	anyway
哈	哈	ha1	exhale; sip; (sound of laughter)
代替	代替	dai4ti4	to replace; to take the place of; to substitute for
独自	獨自	du2zi4	alone
难免	難免	nan2mian3	hard to avoid; difficult to escape from
费用	費用	fei4yong4	expenses; expenditures; costs
观念	觀念	guan1nian4	sense; notion; thought; concept; idea
代	代	dai4	era; generation; dynasty; substitute; replace
婚姻	婚姻	hun1yin1	marriage; matrimony
束缚	束縛	shu4fu4	to bind; restrict; to tie
追求	追求	zhui1qiu2	pursue; seek; woo
倒是	倒是	dao4shi4	to the contrary; actually; that's true (but)
推行	推行	tui1xing2	put into effect; carry out (a policy, etc.)
生育	生育	sheng1yu4	give birth; bring up (children)
补助	補助	bu3zhu4	subsidy; allowance
老人	老人	lao3ren2	old people; the aged; one's aged parents or grandparents
夫妇	夫婦	fu1fu4	married couple; husband and wife
独生子	獨生子	du2sheng1zi3	an only son
宠	寵	chong3	spoil; pamper; favor
职业	職業	zhi2ye4	profession; occupation
妇产科	婦產科	fu4chan3ke1	obstetrics and gynecology
失业	失業	shi1 ye4	lose one's job; unemployment
补习班	補習班	bu3xi2ban1	cram school
不可思议	不可思議	bu4ke3si1yi4	unimaginable; inconceivable
有话直说	有話直說	you3 hua4 zhi2 shuo1	if you have something to say, just say it
娃娃推车	娃娃推車	wa2 wa5 tui1 che1	baby carriage
不足为奇	不足為奇	bu4zu2wei2qi2	not at all surprising; not shocking
远远	遠遠	yuan3yuan3	far away; distant
传宗接代	傳宗接代	chuan2zong1jie1dai4	to carry on one's ancestral line; produce a male heir to carry on the family line
无拘无束	無拘無束	wu2ju1wu2shu4	free and easy; unrestrained; unconstrained
老一辈	老一輩	lao3yi2bei4	older generation; previous generation
一胎化政策	一胎化政策	yi4tai1hua4zheng4ce4	one-child policy (in China)
这下子	這下子	zhe4xia4zi5	since it's like this; this time
已	已	yi3	to stop; already; afterwards (Kangxi radical 49, var. 1)
生育率	生育率	sheng1yu4lv4	birth rate
离婚	離婚	li2hun1	to divorce; divorced from (one's spouse)
年龄	年齡	nian2ling2	(a person's) age
较	較	jiao4	rather; quite; compare; to dispute; clearly; obviously
使	使	shi3	to use; to make; to cause; enable; envoy; messenger
行业	行業	hang2ye4	industry; trade; profession
重大	重大	zhong4da4	great; important; major
幼稚园	幼稚園	you4zhi4yuan2	kindergarten
招生	招生	zhao1 sheng1	enroll new students
减班	減班	jian3 ban1	to reduce enrollments
将	將	jiang1, jiang4	(will, shall, future tense); be ready; will<br/>general; commander
少子化	少子化	shao3zi3hua4	low birth rate
连锁	連鎖	lian2suo3	to interlock; to be linked together; chain (store etc)
儿童	兒童	er2tong2	child; children
美语	美語	mei3yu3	American English
何况	何況	he2kuang4	let alone; much less; moreover
无法	無法	wu2fa3	unable; have no way
未来	未來	wei4lai2	future
远景	遠景	yuan3jing3	prospect; long-range view; future
足够	足夠	zu2gou4	enough; ample; fully sufficient
加入	加入	jia1ru4	to join; add; enter; put in
老化	老化	lao3hua4	aging; becoming old (person or thing)
针对	針對	zhen1dui4	aimed at; directed against
项	項	xiang4	nape (of the neck); sum (of money); item; thing; (mw for items, clauses, projects; etc.)
措施	措施	cuo4shi1	measure; step (to be taken)
减税	減稅	jian3shui4	tax cut
延长	延長	yan2chang2	extend; prolong; lengthen
产假	產假	chan3jia4	maternity leave
托育	托育	tuo1yu4	childcare
胎	胎	tai1	fetus; unborn child; tire
领	領	ling3	neck; collar; to lead; to receive
元	元	yuan2	Chinese monetary unit; dollar; first; principal
成年	成年	cheng2nian2	grow up; fully grown; adult; come of age; the whole year
除非	除非	chu2fei1	only if; unless
整体	整體	zheng3ti3	whole; entirety
否则	否則	fou3ze2	if not; otherwise; or else
妇女	婦女	fu4nv3	woman; women in general
意愿	意願	yi4yuan4	aspiration; wish (for); desire
祖父母	祖父母	zu3fu4mu3	paternal grandparents
孙女	孫女	sun1nv3	granddaughter
重	重	zhong4, chong2	heavy; intense; repeat; duplicate
预算	預算	yu4suan4	budget
财政	財政	cai2zheng4	public finances; financial
沉重	沉重	chen2zhong4	heavy; hard; serious; critical
有效	有效	you3xiao4	effective; valid
正	正	zheng4, zheng1	just (right); straighten; rectify; correct; currently; at the moment; straight; pure; precisely; first lunar month
考验	考驗	kao3yan4	put to the test; trial
智慧	智慧	zhi4hui4	wisdom; knowledge; intelligence
之一	之一	zhi1 yi1	one of (something)
宁缺勿滥	寧缺勿濫	ning4que1wu4lan4	‘to prefer to have nothing than something inferior'
合不来	合不來	he2bu5lai2	be incompatible; unable to get along together
生儿育女	生兒育女	sheng1er2yu4nv3	to give birth and raise children
独善其身	獨善其身	du2 shan4 qi2 shen1	maintain personal integrity, pay attention to one's own moral appearance without thought of others; to look out only for oneself, be self centered
停滞不前	停滯不前	ting2zhi4bu4qian2	stagnant; at a standstill; in a rut
逐渐	逐漸	zhu2jian4	gradually; by degrees
据点	據點	ju4dian3	stronghold; strong point; fortified point
统治	統治	tong3zhi4	to rule (a country); govern; governance
景点	景點	jing3dian3	scenic spot; tourist attraction
繁荣	繁榮	fan2rong2	prosperous; prosperity; booming (economy)
港口	港口	gang3kou3	port; harbor
据说	據說	ju4shuo1	it is said that; reportedly
鹿	鹿	lu4	deer (Kangxi radical 198)
鹿群	鹿群	lu4qun2	Herd of deer
形状	形狀	xing2zhuang4	form; figure; shape
鹿角	鹿角	lu4jiao3	antler; deer horn
便	便	bian4, pian2	plain; convenient; urine or excrement; formal equivalent to 就; cheap
称	稱	cheng1, chen4	to call; to name; to state; to praise; appropriate; to suit; to weigh
动物园	動物園	dong4wu4yuan2	zoo
皮	皮	pi2	skin; leather; fur (Kangxi radical 107)
杀	殺	sha1	to kill; to murder
数量	數量	shu4liang4	amount; quantity; number
风光	風光	feng1guang1	a natural scenic view; sight
民宅	民宅	min2zhai2	house / people's homes
蚵仔煎	蚵仔煎	e2zi3jian1	(Taiwan) oyster omelet
哦	哦	o4, o2, e2	oh (indicates understanding); oh (indicates doubt); to chant
该	該	gai1	should; deserve; it is time for (something); this (formal)
兴盛	興盛	xing1sheng4	booming, prosperous, thriving
时期	時期	shi2qi1	period in time or history; period; time
独木舟	獨木舟	du2mu4zhou1	canoe
为	為	wei2, wei4	be; become; for; on account of
载运	載運	zai4yun4	transport; carry
改名	改名	gai3ming2	change names
相似	相似	xiang1si4	similar; resemble; be like
没落	沒落	mo4luo4	decline; wane
依然	依然	yi1ran2	still; as before
保留	保留	bao3liu2	to reserve; hold back; retain; continue to have; keep
鹿港	鹿港	lu4gang3	Lukang town in Changhua county 彰化縣 | 彰化縣, Taiwan
艋舺	艋舺	meng3jia3	Mengjia (Mangka)
淡水河	淡水河	dan4shui3he2	Danshui River (a river in Taipei)
万华	萬華	wan4hua2	Wanhua district of Taipei City
台语	台語	Tai2yu3	Taiwanese language
日语	日語	Ri4yu3	Japanese (language)
家喻户晓	家喻戶曉	jia1 yu4 hu4 xiao3	become a household name; well known
满山遍野	滿山遍野	man3shan1bian4ye3	all over the mountains and plains
古色古香	古色古香	gu3se4gu3xiang1	have an antique feel; quaint
绿豆糕	綠豆糕	lv4dou4gao1	mung bean cake
牛舌饼	牛舌餅	niu2she2bing3	ox tongue biscuit
垂涎三尺	垂涎三尺	chui2xian2san1chi3	to drool over something (idiom)
数目	數目	shu4mu4	amount; number
大约	大約	da4yue1	approximately; about; probably
占	佔	zhan4	occupy; seize; constitute<br/>to divine; fortune telling
自从	自從	zi4cong2	since; ever since
将近	將近	jiang1jin4	almost; nearly; close to
往来	往來	wang3lai2	dealings; contact; go back and forth
思念	思念	si1nian4	think of; long for; to miss
通信	通信	tong1 xin4	communicate by letter; convey information
毫无	毫無	hao2wu2	not at all; completely without; not in the least
音讯	音訊	yin1xun4	mail; news
远离	遠離	yuan3li2	far from; keep away from
妻子	妻子	qi1zi5	wife
永远	永遠	yong3yuan3	forever; eternal; always
开放	開放	kai1fang4	to bloom; open up; be open-minded; release; liberalization; China's 1978 "open policy"
探亲	探親	tan4qin1	go home to visit family; visit relatives
亲人	親人	qin1ren2	one's close relatives; family members
打听	打聽	da3ting5	ask about; inquire about
不禁	不禁	bu4jin1	cannot help; can't refrain from
泪	淚	lei4	tears
尚未	尚未	shang4wei4	not yet
出世	出世	chu1shi4	enter the world; be born
童年	童年	tong2nian2	childhood
伤心	傷心	shang1xin1	sad; grieve; brokenhearted
笔	筆	bi3	pen; pencil; writing instrument; brush stroke; (mw for sums of money)
仍然	仍然	reng2ran2	still; yet 
原谅	原諒	yuan2liang4	to excuse; forgive; to pardon
尽	盡	jin4, jin3	to the utmost; use up; to exhaust; exhausted; do one's best; all
究竟	究竟	jiu1jing4	after all; when all is said and done; actually
内心	內心	nei4xin1	heart; innermost being
创伤	創傷	chuang1shang1	trauma; wound
珍惜	珍惜	zhen1xi1	to treasure; to value; cherish
精华	精華	jing1hua2	most important part of an object; essence; quintessence
逃难	逃難	tao2nan4	flee from calamity
实在	實在	shi2zai4	really; in truth; honest; dependable 
岁月	歲月	sui4yue4	the years of a person's life
遭遇	遭遇	zao1yu4	befall; suffer; encounter
老兵	老兵	lao3bing1	veteran
老张	老張	Lao3 Zhang1	Lao Zhang (a personal name)
文化大革命	文化大革命	Wen2hua4 Da4ge2ming4	the Cultural Revolution (1966-1976)
落地生根	落地生根	luo4di4sheng1gen1	air plant; life plant; to put down roots (in a new country etc)
身强体壮	身強體壯	shen1qiang2ti3zhuang4	(of a person) strong; sturdy
离乡背井	離鄉背井	li2xiang1bei4jing3	to leave one's hometown; be a migrant worker
飘洋过海	飄洋過海	piao1yang2guo4hai3	cross the sea
朝思暮想	朝思暮想	zhao1si1mu4xiang3	to yearn for something day and night
一辈子	一輩子	yi2bei4zi5	(for) a lifetime; all one's life
恐惧不安	恐懼不安	kong3ju4bu4'an1	scared and anxious, suffering from constant fear
刻骨铭心	刻骨銘心	ke4gu3ming2xin1	deep-felt gratitude (idiom)
何建明	何建明	he2jian4ming2	He Jianming
应征	應徵	ying4zheng1	apply (for a job); reply to a job advertisement
配	配	pei4	marry; to mate; to blend; deserve; replace; match
领带	領帶	ling3dai4	necktie
花	花	hua1	flower; blossom; spend (money or time); cost
素色	素色	su4se4	plain color; not patterned
剩下	剩下	sheng4xia5	be left (over); remain; leave behind
龙头	龍頭	long2tou2	water tap; faucet; (informal) head of any group
起薪	起薪	qi3xin1	starting salary
福利	福利	fu2li4	material benefits; welfare; well-being
具备	具備	ju4bei4	possess; be equipped with
限制	限制	xian4zhi4	restrictions; to limit; to confine
以上	以上	yi3shang4	more than; above; over; the above; the above-mentioned
一下	一下	yi2xia4	a little bit/while; one time; once
相关	相關	xiang1guan1	related; pertinent; correlation; relevant
各位	各位	ge4wei4	everybody (being addressed)
应届	應屆	ying1jie4	of this term; of this year
毕业生	畢業生	bi4ye4 sheng1	graduate (of a school)
大一	大一	da4yi1	first year of university; (college) freshman
企划部	企劃部	qi3hua4bu4	Business planning department
营运	營運	ying2yun4	to operate
知识	知識	zhi1shi5	knowledge; intellectual
社长	社長	she4zhang3	president or director (of association, etc.)
联合	聯合	lian2he2	unite; ally; joint; combined; alliance; union; coalition
音乐会	音樂會	yin1yue4hui4	concert
节目	節目	jie2mu4	program; item (on a program)
好评	好評	hao3ping2	positive feedback
企划	企劃	qi3hua4	to plan; lay out
领导	領導	ling3dao3	to lead; leader; leadership
合作	合作	he2zuo4	cooperate; collaborate; work together
似乎	似乎	si4hu1	it seems; as if; seemingly
关于	關於	guan1yu2	about; regarding; concerning
磨练	磨練	mo2lian4	develop talent through practice  
优点	優點	you1dian3	merit; good point; a strength; a benefit
上司	上司	shang4si5	boss; superior
夸奖	誇獎	kua1jiang3	praise; applaud; compliment
周	週	zhou1	circumference; a cycle; circle; complete; week (variant) (common surname)
内	內	nei4	inside; inner; internal; within
以	以	yi3	to use; according to; so as to; for; by
书面	書面	shu1mian4	in writing; written (guarantee, etc.)
通知	通知	tong1zhi1	notify; to inform; notice
就而言	就而言	jiu4...er2yan2	with regard to ...
新鲜人	新鮮人	xin1xian1ren2	college freshmen (Taiwan)
面试官	面試官	mian4shi4guan1	interviewer
自我介绍	自我介紹	zi4wo3jie4shao4	introduce oneself
所学有限	所學有限	suo3xue2you3xian4	what has been learned is only rather limited
出国	出國	chu1guo2	go abroad
资金	資金	zi1jin1	funds; funding
厂商	廠商	chang3shang1	manufacturer; (commercial or industrial) firm
例外	例外	li4wai4	exception; be an exception
关	關	guan1	to close; shut; concern; relationship; turn off; mountain pass
接触	接觸	jie1chu4	come into contact with; engage; contact
青年	青年	qing1nian2	young people; youth
贷款	貸款	dai4kuan3	(bank) a loan; to provide a loan
开店	開店	kai1dian4	open a store; run a store
料	料	liao4	material; stuff; grain; to expect
损失	損失	sun3shi1	loss (financial); damage; to damage; to lose
勇气	勇氣	yong3qi4	courage; valor
员工	員工	yuan2gong1	employee; staff; personnel
求职	求職	qiu2zhi2	seek employment
目标	目標	mu4biao1	target; goal; objective
初步	初步	chu1bu4	initial; preliminary; tentative
技巧	技巧	ji4qiao3	skill; technique
概念	概念	gai4nian4	concept; idea
挑	挑	tiao1, tiao3	to choose; to pick; picky; to carry on a pole; to raise; to incite
基本	基本	ji1ben3	basic; fundamental
衬衫	襯衫	chen4shan1	shirt; blouse
过程	過程	guo4cheng2	course of events; process
同班	同班	tong2ban1	in the same class
接下来	接下來	jie1xia4lai2	next; then; following
提不起勇气	提不起勇氣	ti2bu4qi3yong3qi4	Unable to raise… to a high level to pump up enough courage 
养家活口	養家活口	yang3jia1huo2kou3	to support one's family (idiom)
来自	來自	lai2zi4	come from; originate from
熟读	熟讀	shu2du2	read up on; read until familiar
考古题	考古題	kao3gu3ti2	Test items from previous years (題 -ti, for test items)
沙盘推演	沙盤推演	sha1pan2tui1yan3	rehearse, a dry run, a practice run
深蓝色	深藍色	shen1lan2se4	dark blue
种族	種族	zhong3zu2	race; ethnicity
熔炉	熔爐	rong2lu2	melting pot; smelting furnace
偏偏	偏偏	pian1pian1	just; but; only; willfully; insistently; persistently; contrary to expectations; unfortunately; perversely
肯	肯	ken3	be willing to; to consent; agree
母语	母語	mu3yu3	native/mother tongue
口音	口音	kou3yin1	accent
适应	適應	shi4ying4	to suit; to fit; adapt; get used to
了不起	了不起	liao3bu5qi3	incredible; extraordinary; great; amazing
交流	交流	jiao1liu2	communicate; exchange; give and take; interaction; to alternate
志工	志工	zhi4gong1	volunteer
县	縣	xian4	county; district
市	市	shi4	market; city
外籍	外籍	wai4ji2	foreign nationality
配偶	配偶	pei4'ou3	mate; consort; spouse
焦虑	焦慮	jiao1lv4	to feel anxious; to have worries and misgivings; to feel apprehensive
沟通	溝通	gou1tong1	link up; connect; communicate
障碍	障礙	zhang4'ai4	barrier; obstacle
良好	良好	liang2hao3	good; favorable; well
以往	以往	yi3wang3	in the past; formerly
面对	面對	mian4dui4	to face; confront
冲击	衝擊	chong1ji1	to attack; to batter; (of waves) to pound against; shock; impact
大众	大眾	da4zhong4	the masses; people; public
难以	難以	nan2yi3	hard to; difficult to
认同	認同	ren4tong2	identify with; acknowledge; agree with
跨国	跨國	kua4guo2	multinational; transnational
大量	大量	da4liang4	great amount; large quantity
移入	移入	yi2ru4	imigrate
忧虑	憂慮	you1lv4	worry; anxiety (about); concerned
降低	降低	jiang4di1	reduce; lower; drop
素质	素質	su4zhi4	inner quality; basic essence; character quality
歧视	歧視	qi2shi4	discriminate (against someone)
子女	子女	zi3nv3	sons and daughters; children
资产	資產	zi1chan3	property; assets
应	應	ying1, ying4	agree; must; should; ought to<br/>respond; deal with; to answer
平等	平等	ping2deng3	equal; equality
相互	相互	xiang1hu4	mutual; reciprocal; each other
外人	外人	wai4ren2	stranger; outsider
联络	聯絡	lian2luo4	communication; to contact; to get in touch with
小明	小明	Xiao3 Ming2	Xiao Ming (a personal name)
家长日	家長日	Jia1zhang3 ri4	Parent's Day at school
气人	氣人	qi4ren2	annoy; to anger
照说	照說	zhao4shuo1	ordinarily; as a rule
在之余	在之餘	zai4zhi1yu2	in the spare time of; in the remaining
本地人	本地人	ben3di4ren2	locals; person from the area
自己人	自己人	zi4ji3ren2	one of us
哪里哪里	哪裡哪裡	na3li5 na3li5	you are exaggerating (praise); you flatter me; (polite reply to a compliment)
渐渐	漸漸	jian4jian4	gradually; by degrees; little by little
曾	曾	ceng2, zeng1	once; in the past; separated by two generations; surname Zeng
尝试	嘗試	chang2shi4	to try; attempt
结构	結構	jie2gou4	structure; composition; makeup
产生	產生	chan3sheng1	to produce; emerge; give rise to
转变	轉變	zhuan3bian4	to change; to shift; transform
婴儿	嬰兒	ying1'er2	baby; infant
双亲	雙親	shuang1qin1	(both) parents
本国	本國	ben3guo2	one's own country
国籍	國籍	guo2ji2	nationality; citizenship
大陆籍	大陸籍	da4lu4ji2	from mainland China (lit. mainland nationality)
其	其	qi2	his; her; its; their; he; she; it; that; such; (marking question, emphasis, imperative)
比例	比例	bi3li4	proportion; scale
根本	根本	gen1ben3	root; essence; fundamental; basic; simply
可见	可見	ke3jian4	it can clearly be seen that; clear
现有	現有	xian4you3	now available; existing
分配	分配	fen1pei4	distribute; assign; allocate
顾虑	顧慮	gu4lv4	misgiving; apprehension; concern
学童	學童	xue2tong2	schoolboy
身心	身心	shen1xin1	body and mind
缺乏	缺乏	que1fa2	shortage; lack
课业	課業	ke4ye4	lessons; schoolwork
指导	指導	zhi3dao3	to guide; supervise; give directions
辅导	輔導	fu3dao3	to coach; to tutor; give advice (in study)
输	輸	shu1	to transport; lose (a game, etc.)
失去	失去	shi1qu4	lose (time, an opportunity, work, etc.)
然而	然而	ran2'er2	however; yet; but
观点	觀點	guan1dian3	point of view; standpoint
加速	加速	jia1su4	to quicken; to speed up; to accelerate; to expedite; to hasten
创下	創下	chuang4xia4	set/establish (a new record)
纪录	紀錄	ji4lu4	to record or document; take notes; record (as in world record)
明显	明顯	ming2xian3	clear; obvious
下降	下降	xia4jiang4	descend; to decline; to drop
趋势	趨勢	qu1shi4	trend; tendency
高龄化	高齡化	gao1ling2hua4	problems with aging population
世代	世代	shi4dai4	for generations; generation to generation
不足	不足	bu4zu2	insufficient; not enough
持续	持續	chi2xu4	continue; persist; sustainable; preservation
正视	正視	zheng4shi4	to face
国语	國語	guo2yu3	Mandarin Chinese; national language  
客语	客語	ke4yu3	Hakka dialect
最多数	最多數	zui4duo1shu4	the majority 
总人数	總人數	zong3ren2shu4	overall number of people
起跑点	起跑點	qi3pao3dian3	starting line (for a race)
新生儿	新生兒	xin1sheng1'er2	newly-born baby
生产力	生產力	sheng1chan3li4	production capability; productivity
一较长短	一較長短	yi2jiao4chang2duan3	to compete, compare
王安康	王安康	wang2'an1kang1	name
张定能	張定能	zhang1ding4neng2	name
美好	美好	mei3hao3	happy; fine; glorious
当选	當選	dang1xuan3	to be elected
无所谓	無所謂	wu2suo3wei4	doesn't matter; indifferent
敏感	敏感	min3gan3	sensitive; susceptible
化学	化學	hua4xue2	chemistry
添加物	添加物	tian1jia1wu4	artificial additives
残留	殘留	can2liu2	to remain; be left over; surplus; remnant
修改	修改	xiu1gai3	to amend; to modify; to revise; to alter
法规	法規	fa3gui1	laws and regulation; statute; code
安养	安養	an1yang3	live out life in retirement; provide for the aged
河川	河川	he2chuan1	rivers
脱离	脫離	tuo1li2	separate; break away; divorce
背景	背景	bei4jing3	background
领域	領域	ling3yu4	domain; sphere; field; area
竟然	竟然	jing4ran2	unexpectedly; to one's surprise; go so far as to
总统	總統	zong3tong3	president (of a country)
保障	保障	bao3zhang4	ensure; to guarantee; to safeguard; security; safeguard; guarantee
特权	特權	te4quan2	privilege; prerogative
把持	把持	ba3chi2	control; dominate; monopolize
监督	監督	jian1du1	control; monitor; supervise; inspect
罢免	罷免	ba4mian3	recall; dismiss from office
权	權	quan2	right; authority; power
廉能	廉能	lian2neng2	honest/incorrupt and capable
富足	富足	fu4zu2	comfortable; plentiful; abundant; rich
在乎	在乎	zai4hu5	care about; be determined by; to mind
生命	生命	sheng1ming4	life
财产	財產	cai2chan3	property; fortune; assets
义工	義工	yi4gong1	volunteer worker; volunteer work
选战	選戰	xuan3zhan4	an election campaign
承诺	承諾	cheng2nuo4	to promise; undertake; make a commitment
带领	帶領	dai4ling3	to guide; to lead
力量	力量	li4liang5	power; force; strength
摆脱	擺脫	bai3tuo1	break away; free oneself from; cast off
困境	困境	kun4jing4	predicament
房地产	房地產	fang2di4chan3	real estate
小自大至	小自大至	xiao3zi4da4zhi4	小自...大至， from such trivialities to such major concerns
是否	是否	shi4fou3	whether (or not); if; is or isn't
照理说	照理説	zhao4li3 shuo1	logically speaking
政治人物	政治人物	zheng4zhi4ren2wu4	political figure; politician; statesman
受苦	受苦	shou4ku3	suffer; have a rough time; hardship
富裕	富裕	fu4yu4	rich; wealthy; to prosper
贪污	貪污	tan1wu1	corruption; embezzle
腐败	腐敗	fu3bai4	corruption; to corrupt; rotten
政争	政爭	zheng4zheng1	political infighting 
停滞	停滯	ting2zhi4	stagnation; be at a standstill; bogged down
上升	上升	shang4sheng1	to rise; go up; ascend
信心	信心	xin4xin1	confidence; faith (in sb. or sth.)
游民	遊民	you2min2	vagrant；vagabond
外界	外界	wai4jie4	the external world; outside
悲惨	悲慘	bei1can3	miserable; tragic
日子	日子	ri4zi5	days; date; time; life; days of one's life
如此	如此	ru2ci3	in this way; so; such; like that
巨大	巨大	ju4da4	immense; enormous; very large
无能	無能	wu2neng2	incompetent; incompetence
冷漠	冷漠	leng3mo4	cold and detached; unconcerned; indifferent
学者	學者	xue2zhe3	scholar
阶层	階層	jie1ceng2	hierarchy; social stratum; class
自然	自然	zi4ran2	nature; natural; naturally
阻止	阻止	zu3zhi3	prevent; to block
遥远	遙遠	yao2yuan3	distant; remote
无论	無論	wu2lun4	no matter what; regardless
明明	明明	ming2ming2	obviously; plainly; undoubtedly
肮脏	骯髒	ang1zang1	dirty; filthy; foul
顾	顧	gu4	look after; take into consideration; attend to
自身	自身	zi4shen1	itself; oneself
政客	政客	zheng4ke4	politician (pej.)
纵容	縱容	zong4rong2	indulge; connive
使得	使得	shi3de5	to make; to cause; usable; workable; feasible
工厂	工廠	gong1chang3	factory
密集	密集	mi4ji2	concentrated; compressed
遭受	遭受	zao1shou4	suffer; suffering; be subjected to (something unfortunate); to sustain (loss, misfortune)
困苦	困苦	kun4ku3	hardship; deep poverty
老人年金	老人年金	lao3ren2nian2jin1	annuity payment for senior citizens (provided by The National Pension Program in Taiwan)
无家可归	無家可歸	wu2jia1ke3gui1	be homeless; wander about without a home
漠不关心	漠不關心	mo4bu4guan1xin1	not in the least bit concerned (idiom); completely indifferent
发言权	發言權	fa1yan2quan2	the right to speak; freedom of speech
影响力	影響力	ying3xiang3li4	power of influence
官商勾结	官商勾結	guan1shang1gou1jie2	Collaborate on official business 
贫富悬殊	貧富懸殊	pin2fu4xuan2shu1	wealth gap
息息相关	息息相關	xi1xi1xiang1guan1	to be closely linked