由	由	you2	through; via; by; from; let (someone do something)
工	工	gong1	work; skill (Kangxi radical 48)
时代	時代	shi2dai4	age; era; period
灬	灬	huo3	fire (Kangxi radical 86, variant)
吃	吃	chi1	to eat
早	早	zao3	early; (early) morning; good morning!
言	言	yan2	speak; speech; talk; word (Kangxi radical 149)
提到	提到	ti2dao4	to mention; to refer to
这么说	這麼說	zhe4me5shuo1	saying this way; so; then
共同	共同	gong4tong2	together; to have in common; jointly; shared
教育	教育	jiao4yu4	education; to educate
勿	勿	wu4	not; do not
使	使	shi3	to use; to make; to cause; enable; envoy; messenger
刺激	刺激	ci4ji1	to excite; exciting; to stimulate; to invigorate
一时	一時	yi4shi2	short period of time; temporary; for the moment
周围	周圍	zhou1wei2	surroundings; vicinity; environment
不至于	不至於	bu2zhi4yu2	cannot go so far; not to such an extent as to
首	首	shou3	head; chief; first; (mw for poems and songs) (Kangxi radical 185)
跑步	跑步	pao3 bu4	to run; to jog
不但	不但	bu2dan4	not only
低	低	di1	low; beneath; lower (one's head); droop
可怕	可怕	ke3pa4	terrible; awful; frightful; scary
至少	至少	zhi4shao3	at least; (to say the) least
一同	一同	yi4tong2	together; along; at the same time and place
退	退	tui4	to retreat; decline; withdraw; return (goods)
星期	星期	xing1qi1	week
越	越	yue4	even more; exceed; get over
课文	課文	ke4wen2	text (of a lesson)
激	激	ji1	arouse; incite; excite
厉害	厲害	li4hai5	terrible; formidable; fierce; cool; awesome
马	馬	ma3	horse (Kangxi radical 187)
全新	全新	quan2xin1	brand-new
找钱	找錢	zhao3qian2	to give change
高速	高速	gao1su4	high speed
心理	心理	xin1li3	mental; psychological; mentality 
简直	簡直	jian3zhi2	simply; at all
打气	打氣	da3qi4	inflate; encourage
刺	刺	ci4, ci1	thorn; to sting; to prick; to stab; to murder<br/>(onom.) whoosh
敫	敫	jiao3	surname Jiao; an ancient musical instrument
进入	進入	jin4ru4	enter; join; get into; take on
真理	真理	zhen1li3	truth
小气	小氣	xiao3qi4	stingy; petty
趁	趁	chen4	avail oneself of; take advantage of (an opportunity or situation)
选举	選舉	xuan3ju3	to elect; election
攵	攵	pu1	to strike; (right hand holding an axe) (Kangxi radical 66, variant)
瑞	瑞	rui4	lucky; auspicious; good omen
餐桌	餐桌	can1zhuo1	dining table
日出	日出	ri4chu1	sunrise
实在	實在	shi2zai4	really; in truth; honest; dependable 
花费	花費	hua1fei4	expense; cost; spend (time or money)
安慰	安慰	an1wei4	to comfort; to console
少数	少數	shao3shu4	small number; minority; few
塞	塞	sai1, se4, sai4	stop up; to stuff<br/>obstruct<br/>place of strategic importance
不敢当	不敢當	bu4 gan3dang1	lit. I dare not (accept the honor); fig. I don't deserve your praise / you flatter me
豆浆	豆漿	dou4jiang1	soy milk
人民	人民	ren2min2	the people
温暖	溫暖	wen1nuan3	warm; warmth; kindness
感冒	感冒	gan3mao4	catch cold; (common) cold
科技	科技	ke1ji4	science and technology  
认真	認真	ren4zhen1	serious; earnest; take seriously, conscientious
炫	炫	xuan4	blind (from bright light); dazzle; show off;  brag; boast
家长	家長	jia1zhang3	parent or guardian of a child; head of a family
乘	乘	cheng2	to ride; to mount; make use of; multiply
头发	頭髮	tou2fa5	hair (on the head)
平原	平原	ping2yuan2	field; plain; flatlands
记住	記住	ji4zhu5	remember; memorize
男性	男性	nan2xing4	male; man
凉	涼	liang2, liang4	cool; cold<br/>make something cool/cold
研究所	研究所	yan2jiu1suo3	graduate studies; graduate school; research institute
对话	對話	dui4hua4	dialogue; conversation
改变	改變	gai3bian4	to change; alter; transform
平均	平均	ping2jun1	average; mean; share equally
快	快	kuai4	fast; quick; soon
度	度	du4, duo2	capacity; degree; degree (mw for temperature, angles); measure; scale; to spend (time)<br/>to estimate; surmise
历	歷	li4	history; take place; past
能	能	neng2	can; be able; capable; energy; ability
对面	對面	dui4mian4	opposite; across from; the other side
有的	有的	you3de5	some (exist); (there are) some (who/that are)
化	化	hua4, hua1	change; convert; melt
际	際	ji4	border; boundary; between
事情	事情	shi4qing5	matter; affair; thing; business
束	束	shu4	to tie; to bind; restrain; (mw for bunches, bundles, bouquets, etc.)
艸	艸	cao3	grass (Kangxi radical 140)
厉	厲	li4	severe; harsh; whetstone
幸运	幸運	xing4yun4	luck; be lucky; good fortune
交友	交友	jiao1you3	to make friends
慢用	慢用	man4yong4	use slowly; enjoy your (meal, etc.)
注射	注射	zhu4she4	injection; inject (medicine)
画家	畫家	hua4jia1	painter (artist)
水准	水準	shui3zhun3	level; standard; water level
谈话	談話	tan2 hua4	to talk; to chat; conversation
害	害	hai4	do harm to; cause trouble to; to adversely impact somebody
慰	慰	wei4	reassure; comfort; console
吓	嚇	xia4, he4	frighten; to scare; intimidate
到底	到底	dao4di3	in the end; after all (in a question for emphasis); until the end, go to the end of the road (direction)
吉祥	吉祥	ji2xiang2	lucky; auspicious
整型	整型	zheng3xing2	(computing) integer; plastic surgery
厌	厭	yan4	loathe; fed up with; be sick of; detest
饮料	飲料	yin3liao4	beverage; drink
战争	戰爭	zhan4zheng1	war; conflict 
著	著	zhu4, zhe5, zhao2	write; book; make known; prove<br/>-ing (indicating action in progress, when used as a traditional character)<br/>to touch; come into contact with
村子	村子	cun1zi5	village; hamlet
酸	酸	suan1	sour; sore; ache
市中心	市中心	shi4zhong1xin1	downtown; city center
整齐	整齊	zheng3qi2	tidy; neat; in good order
友	友	you3	friend
专	專	zhuan1	concentrated; focused; specialized
不得不	不得不	bu4de2bu4	have to; have no choice but to; cannot but
存	存	cun2	exist; survive; to deposit; to store
渴	渴	ke3	thirsty
房租	房租	fang2zu1	rent money (for a house or apartment)
练	練	lian4	to practice; to train; to drill
并	並	bing4	equal to; side by side; both; also
现象	現象	xian4xiang4	appearance; phenomenon
老师	老師	lao3shi1	teacher
力气	力氣	li4qi5	physical strength; effort
右	右	you4	the right side; to the right
高就	高就	gao1jiu4	be employed; be promoted
与其	與其	yu3qi2	rather than; better than
水平	水平	shui3ping2	standard; proficiency; level; horizontal
冷清	冷清	leng3qing1	cold and cheerless; lonely; deserted
打听	打聽	da3ting5	ask about; inquire about
加班	加班	jia1 ban1	work overtime; work an extra shift; work extra hours
就读	就讀	jiu4du2	attend school
网友	網友	wang3you3	online friend; internet user; netizen 
放学	放學	fang4xue2	dismiss from school; after school
春联	春聯	chun1lian2	Spring Festival couplets
企盼	企盼	qi3pan4	wait in hope; wish for; expect
门票	門票	men2piao4	admissions ticket
爱情	愛情	ai4qing2	(romantic) love
办公室	辦公室	ban4gong1shi4	office
永	永	yong3	forever; always; eternal
代	代	dai4	era; generation; dynasty; substitute; replace
任	任	ren4	appoint; at will; office; no matter (what, how, etc.)
自在	自在	zi4zai5	free; unrestrained; at ease; comfortable
宠	寵	chong3	spoil; pamper; favor
易	易	yi4	to exchange; easy; amiable
道理	道理	dao4li5	principle; reason; sense; argument
饮食	飲食	yin3shi2	food and drink; diet
小心	小心	xiao3xin1	be careful
育	育	yu4	to produce; give birth to; to raise; educate (nuture]
慢慢来	慢慢來	man4man4lai2	take it easy; take your time
比如	比如	bi3ru2	for example; for instance; such as
外表	外表	wai4biao3	outward appearance; external; outside
处	處	chu3, chu4	get along with; be in; deal with; punish<br/>place; department
退休	退休	tui4xiu1	retirement (from work); retire
中部	中部	zhong1bu4	center; middle part
公正	公正	gong1zheng4	just; fair
上当	上當	shang4 dang4	be fooled; be duped; be taken in
合理	合理	he2li3	rational; reasonable; equitable
专家	專家	zhuan1jia1	expert; specialist
啊	啊	a1, a2, a3, a4, a5	ah; (particle showing elation, doubt, puzzled surprise, or approval)
拍子	拍子	pai1zi5	(sports) bat/racket; (music) beat
支持	支持	zhi1chi2	sustain; hold out; support; stand by (e.g. international support)
随便	隨便	sui2bian4	as one pleases; informal; random; casual; it doesn't matter
或是	或是	huo4shi4	or; either one or the other
重建	重建	chong2jian4	to rebuild; to reconstruct; to reestablish; reconstruction; rebuilding
世纪	世紀	shi4ji4	century
解决	解決	jie3jue2	settle (a dispute); resolve; solve; dispose of; finish off
事业	事業	shi4ye4	undertaking; project; cause; enterprise; career; publicly funded institution 
往往	往往	wang3wang3	often; frequently; more often than not
气	气	qi4	air; steam; gas (Kangxi radical 84)
气	氣	qi4	air; anger; steam; gas; spirit
业	業	ye4	industry; occupation; enterprise; property; (Buddhism) karma; deed; to engage in
听到	聽到	ting1dao4	hear; get to know (from hearing)
学费	學費	xue2fei4	tuition
人工	人工	ren2gong1	man-made; manpower; manual work
智	智	zhi4	wisdom; knowledge; intelligence
左右	左右	zuo3you4	about; approximate; around; left and right
发	髮	fa4, fa3	hair
发	發	fa1	send out; to issue; to show (one's feelings); to develop
一一	一一	yi1yi1	one by one; one after another
安心	安心	an1xin1	at ease; relieved
展出	展出	zhan3chu1	to put on display; be on show; to exhibit
学问	學問	xue2wen5	learning; knowledge
处理	處理	chu3li3	deal with; to handle; dispose of; to process; sell at a discount; punish
漂	漂	piao4, piao1, piao3	elegant<br/>to float<br/>to bleach
原料	原料	yuan2liao4	raw material; ingredients
毕	畢	bi4	finish; accomplish; conclude; the whole of; full
利	利	li4	advantage; benefit; profit; sharp
疏	疏	shu1	sparse; scattered; negligent; to dredge (a river)
作品	作品	zuo4pin3	works (of literature and art)
破	破	po4	broken; damaged; to split; to break
课程	課程	ke4cheng2	course; curriculum; class
影片	影片	ying3pian4	film; movie
当作	當作	dang4zuo4	treat as; regard as; look upon
便条	便條	bian4tiao2	note; memo
数	數	shu4, shu3, shuo4	number; to count; to rank; frequently; repeatedly
回信	回信	hui2 xin4	to reply (to a letter); write back
饭馆	飯館	fan4guan3	restaurant
城市	城市	cheng2shi4	city or town
姐	姐	jie3	older sister; sister;<br/>a general term for young women;<br/>elder female relative of the same generation in the clan
西瓜	西瓜	xi1gua1	watermelon
梦	夢	meng4	dream
休息	休息	xiu1xi5	to rest; take a break
教	教	jiao1, jiao4	to teach; instruct<br/>religion; teaching
空	空	kong1, kong4	empty; sky<br/>leave blank; leisure
作曲	作曲	zuo4qu3	compose (music)
重要	重要	zhong4yao4	important; significant; major
旅行	旅行	lv3xing2	to travel; a journey
菜单	菜單	cai4dan1	menu; bill of fare
舞	舞	wu3	to dance; wield; brandish
从	從	cong2	from; follow; since; obey; observe
开始	開始	kai1shi3	begin; to start; beginning
公司	公司	gong1si1	company; corporation
觉	覺	jue2, jiao4	to feel; sense; ; wake up; sleep
够	夠	gou4	enough; to reach
忘	忘	wang4	forget; overlook; to neglect
尚	尚	shang4	still; yet; to value; to esteem
非	非	fei1	non-; un-; not be; wrongdoing; simply must (Kangxi radical 175)
难	難	nan2, nan4	difficult; bad<br/>trouble; to blame
往	往	wang3	go (in a direction); toward; in the past
样子	樣子	yang4zi5	manner; air; style; appearance; looks
便宜	便宜	pian2yi5	cheap
经济	經濟	jing1ji4	economy; economic
局	局	ju2	office; situation; gathering; part; (mw for games, rounds, matches, etc.)
当中	當中	dang1zhong1	among; in the middle; in the center
夗	夗	yuan4	turn over when asleep
蛋	蛋	dan4	egg
希	希	xi1	to hope
究	究	jiu1, jiu4	after all; to investigate; to study carefully
句子	句子	ju4zi5	sentence
工业	工業	gong1ye4	industry
运动	運動	yun4dong4	(physical) to exercise; movements; sports; campaign
怎	怎	zen3	how; what; why
树	樹	shu4	tree
贝	貝	bei4	shell; money (Kangxi radical 154)
事	事	shi4	matter; affair; thing; event; trouble; accident; job; work; responsibility; involvement
天	天	tian1	day; sky; heaven; weather
困	睏	kun4	sleepy; tired
困	困	kun4	surround; hard-pressed; stranded; destitute; tired (China)
香	香	xiang1	fragrant; savory (Kangxi radical 186)
游	游	you2	to swim; to travel; to tour; roam
打扰	打擾	da3rao3	disturb
课本	課本	ke4ben3	textbook
真实	真實	zhen1shi2	true; real; authentic
干净	乾淨	gan1jing4	clean; neat and tidy
工具	工具	gong1ju4	tool; instrument; means
跟	跟	gen1	to follow; with; to; from; and; heel
顺	順	shun4	smooth; to obey; to follow; to yield to; to arrange; take the opportunity to; convenient
照相	照相	zhao4xiang4	to take a photograph
要是	要是	yao4shi5	if; suppose; in case
急	急	ji2	hurried; worried; nervous; urgent
忧心	憂心	you1xin1	worry; concern; anxiety
好看	好看	hao3kan4	good-looking; nice-looking; attractive; interesting; good (of a movie, book, TV show, etc.)
为	為	wei2, wei4	be; become; for; on account of
邮	郵	you2	mail; post
一直	一直	yi4zhi2	always; all along; straight (in a straight line); from the beginning
后	後	hou4	back; behind; rear; after; later
机会	機會	ji1hui4	opportunity; chance; occasion
洗手间	洗手間	xi3shou3jian1	toilet; lavatory; washroom; restroom
内衣	內衣	nei4yi1	undergarment; underwear
付	付	fu4	to pay; hand over
病	病	bing4	ailment; sickness; illness
从小	從小	cong2xiao3	from childhood; as a child
些	些	xie1	some; few; several; (mw for indefinite amount)
方面	方面	fang1mian4	aspect; field; side; respect
不必	不必	bu2bi4	need not; does not have to; not necessarily
经费	經費	jing1fei4	funds; expenses
荡	盪	dang4	sway; loaf about; swing
鸡	雞	ji1	chicken
后面	後面	hou4mian5	rear; back; behind
机车	機車	ji1che1	locomotive; train engine car; motorcycle
东方	東方	dong1fang1	the East; Eastern countries
倒是	倒是	dao4shi4	to the contrary; actually; that's true (but)
在心	在心	zai4xin1	feel concerned; mind; be attentive
一切	一切	yi2qie4	all; every; everything
止痛	止痛	zhi3tong4	relieve pain; analgesic
瞳	瞳	tong2	pupil (of the eye)
浆	漿	jiang1, jiang4	any thick fluid; starch<br/>paste
发烧	發燒	fa1shao1	have a fever
玩具	玩具	wan2ju4	plaything; toy
外科	外科	wai4ke1	surgical department
渴望	渴望	ke3wang4	thirst for; long for; yearn
公平	公平	gong1ping2	fair; impartial; just
找回	找回	zhao3hui2	regain, get back
专业	專業	zhuan1ye4	profession; speciality; specialized field of study; major
职场	職場	zhi2chang3	professional market; workplace
日记	日記	ri4ji4	diary
自觉	自覺	zi4jue2	be conscious; be aware of; self-motivated 
人口	人口	ren2kou3	population; the populace
员	員	yuan2	person engaged in some activity; member; employee
倍	倍	bei4	(two, three, etc)-fold; times (multiplier)
睡著	睡著	shui4zhao2	asleep
香港	香港	Xiang1gang3	Hong Kong
超过	超過	chao1guo4	surpass; exceed; outstrip
公立	公立	gong1li4	public (school, hospital, etc.)
大约	大約	da4yue1	approximately; about; probably
许	許	xu3	allow; to permit; to praise; maybe; perhaps
出口	出口	chu1kou3	to speak; to utter; ; exit; way out; ; to export; (of ships) to leave port;; exhaust; outfall; outlet; egress; discharge point; vent
时间	時間	shi2jian1	time; period
各	各	ge4	each; every
东西	東西	dong1xi5	thing; objects; stuff
回	回	hui2	to return; go back; turn around; to reply; occasion (mw for matters or actions); the Hui nationality
木	木	mu4	tree; wood (Kangxi radical 75)
扌	扌	shou3	hand (Kangxi radical 64, standing variant)
又	又	you4	(once) again; also; both (Kangxi radical 29)
错	錯	cuo4	mistake; error; miss an opportunity
准备	準備	zhun3bei4	prepare; get ready
合作	合作	he2zuo4	cooperate; collaborate; work together
阴	陰	yin1	yin (principle); the moon; negative; secret; shade; cloudy
决	決	jue2	decide; to breach (a dyke)
差一点	差一點	cha4yi4dian3	nearly; almost
春	春	chun1	spring (season); joyful
数目	數目	shu4mu4	amount; number
活动	活動	huo2dong4	activity; exercise; move about
惜	惜	xi1	to cherish, treasure;  spare, stint, begrudge;  pity, feel sorry for
棵	棵	ke1	(mw for plants)
查	查	cha2	examine; investigate; to check
二	二	er4	two (Kangxi radical 7)
这样	這樣	zhe4yang4	this way; this (kind of, sort of); like this
从事	從事	cong2shi4	to be engaged in; to deal with; to do (eg. for work, with one's life, etc.)
什么	什麼	shen2me5	what; whatever; anything; something
国	國	guo2	country; state; nation
一	一	yi1	one; once; a (article) (Kangxi radical 1)
很	很	hen3	very; rather; quite
乙	乙	yi3	second; someone; so-and-so; (2nd Heavenly Stem) (Kangxi radical 5)
哪	哪	na3, nei3, na5	which; how
虽然	雖然	sui1ran2	although; even though
广	廣	guang3	wide; extensive; to spread
广	广	guang3, yan3	[shelter - only radical] sloping roof; wide; spread (Kangxi radical 53; relates to buildings or places)
旦	旦	dan4	dawn; morning; day-break
相信	相信	xiang1xin4	believe (sb.); be convinced of
奇	奇	qi2, ji1	strange; rare; wonderful<br/>odd (number)
法	法	fa3	law; method; way
椅子	椅子	yi3zi5	chair
下雨	下雨	xia4yu3	to rain
语	語	yu3	dialect; language; speech
秋天	秋天	qiu1tian1	autumn; fall
字	字	zi4	word; letter; character
羊	羊	yang2	sheep (Kangxi radical 123)
颖	穎	ying3	clever; smart; gifted
节	節	jie2	festival; section; (mw for segments); moral integrity; save
当面	當面	dang1mian4	to sb.'s face; in sb.'s presence
襄	襄	xiang1	assist; help
器	器	qi4	device; tool; utensil
浴室	浴室	yu4shi4	bathroom; washroom
搞	搞	gao3	do; carry on; be engaged in; produce; work out
情	情	qing2	feeling; emotion; passion; condition
甚至	甚至	shen4zhi4	even (to the point of); so much so that
放下	放下	fang4xia4	put down
就	就	jiu4	then; at once; just; only; with regard to; exactly; precisely
舍	捨	she3	{shed/hut} residence<br/>give up; abandon [shed]
舍	舍	she4, she3	{shed/hut} residence<br/>give up; abandon [shed]
刻	刻	ke4	quarter (hour); (mw for short time intervals); carve; to cut
饺	餃	jiao3	dumpling
前天	前天	qian2tian1	the day before yesterday
企业	企業	qi3ye4	company; business; firm
刷子	刷子	shua1zi5	brush
服	服	fu2, fu4	clothing; serve; obey; convince; take (medicine); accustomed to; (mw for medicinal dose)
舌	舌	she2, gua1	tongue (Kangxi radical 135)
探	探	tan4	explore; investigate 
输	輸	shu1	to transport; lose (a game, etc.)
战	戰	zhan4	fight; war; battle
诉	訴	su4	to complain; to accuse; to sue; to tell; to inform
爿	爿	qiang2, pan2	split wood; bed (Kangxi radical 90)<br/>(mw: strips of land, shops and factories)
羔	羔	gao1	lamb; kid; fawn
在乎	在乎	zai4hu5	care about; be determined by; to mind
因此	因此	yin1ci3	therefore; thus; consequently; that is why; because of this
之间	之間	zhi1jian1	between; among
封	封	feng1	confer; to seal; bestow; (mw for letters)
如果	如果	ru2guo3	if; in the event that
丁	丁	ding1	fourth; male adult; robust; cubes (of food); T-shaped; (4th Heavenly Stem) nail (primitive form)
理想	理想	li3xiang3	a dream; an ideal; perfection; ideal; perfect; desirable
鬼	鬼	gui3	ghost; sly; crafty (Kangxi radical 194)
过来	過來	guo4 lai5	come here; come over; be able to handle
第	第	di4	(prefix used to form ordinal numbers)
亲	親	qin1	dear; intimate; closely related; kiss
尽	盡	jin4, jin3	to the utmost; use up; to exhaust; exhausted; do one's best; all
到此	到此	dao4ci3	to this point
世界	世界	shi4jie4	world
政府	政府	zheng4fu3	government
其次	其次	qi2ci4	next; secondly
盼	盼	pan4	hope for; long for; expect
心得	心得	xin1de2	knowledge gained (from work, study, etc.)
贸	貿	mao4	to trade; to barter
将军	將軍	jiang1jun1	a general (military officer)
故	故	gu4	happening; reason; hence; former
定	定	ding4	to set; to fix; determine<br/>surely; certainly
哪怕	哪怕	na3pa4	even if; even though; no matter how
别的	別的	bie2de5	other
打	打	da3, da2	Hit, make, mix, deal with
发表	發表	fa1biao3	publish; to issue (a statement); announce; express one's opinion
吸	吸	xi1	breathe; suck in; absorb; inhale
拔	拔	ba2	pull out; draw out; raise; exceed; capture
乎	乎	hu1	(classical Chinese particle expressing question, surprise or doubt)
适	適	shi4	suitable; right; well
休	休	xiu1	to rest; to stop
记者	記者	ji4zhe3	reporter; journalist
睡觉	睡覺	shui4jiao4	to sleep; to go to bed
点	點	dian3	spot; drop; dot; point; a bit; a little; o'clock; to order (in a restaurant); to light; to ignite
豆	豆	dou4	bean (Kangxi radical 151)
表现	表現	biao3xian4	to show; to display; show off; manifestation; performance
推广	推廣	tui1guang3	popularize; spread; promote; generalization
青年	青年	qing1nian2	young people; youth
甚	甚	shen4	very; considerably; extremely
朗读	朗讀	lang3du2	read aloud
撞倒	撞倒	zhuang4dao3	knock down; knock over
打输	打輸	da3shu1	lose (a game)
不用说	不用說	bu2yong4shuo1	needless to say; it goes without saying...
军	軍	jun1	army; military; arms
难道	難道	nan2dao4	could it be that ...?; don't tell me ...
全面	全面	quan2mian4	all-around; comprehensive; fully 
结束	結束	jie2shu4	end; finish; conclude
公尺	公尺	gong1chi3	meter
呼吸	呼吸	hu1xi1	breathe
军人	軍人	jun1ren2	soldier; military personnel
故意	故意	gu4yi4	deliberately; intentional; on purpose
老家	老家	lao3jia1	native place; place of origin; hometown
题目	題目	ti2mu4	subject; title; topic
贸易	貿易	mao4yi4	(commercial) trade
完美	完美	wan2mei3	perfect
伸	伸	shen1	to stretch; extend
祝福	祝福	zhu4fu2	blessings; wish sb. well
而已	而已	er2yi3	that's all; nothing more
意义	意義	yi4yi4	meaning; significance
头脑	頭腦	tou2nao3	brain; mind
各种各样	各種各樣	ge4zhong3ge4yang4	all kinds of; various kinds of
抬	抬	tai2	to lift; to raise; carry (together)
迎接	迎接	ying2jie1	meet; greet; to welcome
中央	中央	zhong1yang1	central; middle; center
合适	合適	he2shi4	suitable; proper; appropriate; to fit (clothes)
弗	弗	fu2	not; negative
认为	認為	ren4wei2	believe; think (that); consider; to feel
缶	缶	fou3	jar (Kangxi radical 121)
穿	穿	chuan1	to wear; put on; penetrate
穴	穴	xue2, xue4	hole; cave (Kangxi radical 116)
椅	椅	yi3	chair
深	深	shen1	deep; profound; dark (of colors)
多少	多少	duo1shao5	how much; how many; somewhat
台北	台北	Tai2bei3	Taipei, capital of Taiwan
手指	手指	shou3zhi3	finger
信箱	信箱	xin4xiang1	mailbox
汤	湯	tang1	soup
留	留	liu2	leave (behind, a message); retain; stay
瞳孔	瞳孔	tong2kong3	pupil (of eye)
未	未	wei4	not yet; did not; have not (8th Earthly Branch)
差	差	cha4, cha1, chai1	poor; to lack<br/>difference<br/>to dispatch
里	裡	li3	inside; internal
里	里	li3	Chinese mile (~.5 km); neighborhood (Kangxi radical 166)
北京	北京	Bei3jing1	Beijing
个	個	ge5, ge4	general measure word; individual
刀子	刀子	dao1zi5	knife
雨	雨	yu3	rain (Kangxi radical 173)
不	不	bu4	no; not
昨天	昨天	zuo2tian1	yesterday
升	昇	sheng1	rise; hoist; promote; liter
升	升	sheng1	rise; hoist; promote; liter
便当	便當	bian4dang1	convenient; handy; bento meal; lunchbox
愿	願	yuan4	to hope; to wish; desire; be willing
开刀	開刀	kai1dao1	perform or have an operation; (archaic) decapitate
预	預	yu4	prior; preliminary; preparatory; in advance; take part in
旨	旨	zhi3	imperial decree; edict; aim; purpose
金	金	jin1	gold; metal; money (Kangxi radical 167)
乞	乞	qi3	beg; request
始	始	shi3	begin; start
黑	黑	hei1	black; dark (Kangxi radical 203)
⺧	⺧	niu2	ox; cow; bull (Kangxi radical 93; variant)
室	室	shi4	room
最后	最後	zui4hou4	final; last; finally; at last
记得	記得	ji4de5	remember
可是	可是	ke3shi4	but; however; (used for emphasis) indeed/really
起立	起立	qi3li4	stand up; erect
丢	丟	diu1	lose (something); throw; put aside
现	現	xian4	to appear; to display; present; current; at the time
张	張	zhang1	(mw for flat objects); open; expand; (common surname); sheet or piece of paper (like a ticket)
西	西	xi1	West (Kangxi radical 146)
人们	人們	ren2men5	people
方法	方法	fang1fa3	method; way; means
可	可	ke3	can; may; able to; but; approve; very
手	手	shou3	hand (Kangxi radical 64)
所	所	suo3	place; office; that which; (mw for houses, buildings, facilities)
莫	莫	mo4	do not; there is none who; nobody, my last name
心	心	xin1	heart; mind (Kangxi radical 61)
收下	收下	shou1xia5	accept; receive
那么	那麼	na4me5	well... ; in that case; like that; in that way; so very much
初步	初步	chu1bu4	initial; preliminary; tentative
保	保	bao3	defend; protect
瘦	瘦	shou4	thin; to lose weight; (of clothing) tight; (of meat) lean; (of land) unproductive
玉	玉	yu4	jade (Kangxi radical 96)
近	近	jin4	near; close (to)
前	前	qian2	before; in front; forward
巴	巴	ba1	(phonetic); hope for; cling to, wait anxiously for; be near; a bar
及	及	ji2	and; to reach; up to
果	果	guo3	fruit; result
先	先	xian1	first; early; before
了	了	le5, liao3, liao4	(particle for a new situation or completed action), finish; understand; clear
活	活	huo2	to live; alive; living; lively; save (a life); work; product
哭	哭	ku1	cry; weep
容	容	rong2	to tolerate; to contain; allow; appearance; face
家	家	jia1	family; home; household; MW for businesses
谁	誰	shei2, shui2	who
宿	宿	su4, xiu3, xiu4	stay overnight; old<br/>(mw for nights)<br/>constellation
下	下	xia4	under; below; to descend; to fall; down; next; the second (of two parts)
朋友	朋友	peng2you5	friend
吧	吧	ba5, ba1	particle indicating polite suggestion;; onomatopoeia; bar (serving drinks, providing internet access, etc.)
拍	拍	pai1	clap; pat; shoot (film); send (a telegram); racket (sports)
会	會	hui4, kuai4	can; to know how; be good at; be likely to; shall; meeting; conference; accounts
已	已	yi3	to stop; already; afterwards (Kangxi radical 49, var. 1)
百	百	bai3	hundred
什么的	什麼的	shen2me5de5	and so on; et cetera
要	要	yao4, yao1	to want; to need; will/shall; important; demand; request
片	片	pian4, pian1	(mw for pieces of things); a slice; a flake (Kangxi radical 91); film; photo
班	班	ban1	team; class; squad; shift
而	而	er2	and; but; yet; while (Kangxi radical 126)
名	名	ming2	name; reputation; famous; (mw for people)
千	千	qian1	thousand
太	太	tai4	too (much); excessively; highest; greatest
牛	牛	niu2	ox; cow; bull (Kangxi radical 93); exceptional (slang)
方	方	fang1	square; direction; side; surname (Kangxi radical 70)
夫	夫	fu1, fu2	husband; man
么	麼	me5	interrogative/indefinite final particle
乐	樂	le4, yue4	happy; laugh; music
店	店	dian4	shop; store; inn
企	企	qi3	plan a project; anxiously expect sth; stand on tiptoe; look forward to (TW pronunciation diff)
宇	宇	yu3	universe; eaves; house
艮	艮	gen3, gen4	blunt; straightforward; tough; chewy; one of the Eight Trigrams, symbolizing mountain (Kangxi Radical 138)
分之	分之	fen1zhi1	(indicating a fraction)
超级	超級	chao1ji2	super; transcending; high grade
夜市	夜市	ye4shi4	night market
地点	地點	di4dian3	place; site; location
读书	讀書	du2 shu1	to study; read; attend school
资讯	資訊	zi1xun4	information
季	季	ji4	season; period
以及	以及	yi3ji2	as well as; too; (formal) and
并且	並且	bing4qie3	furthermore; and; besides; moreover
影	影	ying3	shadow; reflection; image; picture; film
充电	充電	chong1dian4	charge (a battery)
经常	經常	jing1chang2	day-to-day; constantly; often
子	子	zi3, zi5	son; child; 1st Earthly Branch (Kangxi radical 39); seed; (noun suffix)
歌	歌	ge1	song
外	外	wai4	outer; outside; in addition; foreign
职业	職業	zhi2ye4	profession; occupation
夏	夏	xia4	summer
见面	見面	jian4mian4	meet/see somebody (face to face); meeting
进一步	進一步	jin4 yi2 bu4	go a step further; further  
立	立	li4	to stand; to set up (Kangxi radical 117)
火	火	huo3	fire (Kangxi radical 86); urgent; hot (popular); fiery
吉他	吉他	ji2ta1	guitar
只	只	zhi3	only; merely; just; but
只	隻	zhi1	(mw for birds and certain animals)
块	塊	kuai4	lump; chunk (mw for pieces of soap, cake, cloth, units of currency, etc)
见	見	jian4	see; meet; appear to be ; (Kangxi radical 147)
它	它	ta1	it
哥	哥	ge1	elder brother
有用	有用	you3yong4	useful
整夜	整夜	zheng3ye4	all night; all through the night
瓜	瓜	gua1	melon (Kangxi radical 97)
入口	入口	ru4kou3	entrance
公职	公職	gong1zhi2	public office/employment
极了	極了	ji2le5	extremely; exceedingly
电梯	電梯	dian4ti1	elevator; lift
订	訂	ding4	agree upon; to reserve (seats, tickets, etc.); draw up (plans, contracts, etc.); bind together; subscribe to (a newspaper, etc.)
氛	氛	fen1	atmosphere; gas; vapor
公路	公路	gong1lu4	highway; road
上衣	上衣	shang4yi1	upper garment; jacket; coat
知名	知名	zhi1ming2	well known; famous
不用	不用	bu2yong4	need not; no need for...
刚好	剛好	gang1hao3	just right; exactly; luckily
派	派	pai4	school; group; to dispatch; send; assign; pi (Greek letter Ππ); (loanword) pie
现实	現實	xian4shi2	reality; actuality; practical; real; actual
府	府	fu3	seat of government; prefecture; official residence; mansion
面条	麵條	mian4tiao2	noodles
到处	到處	dao4chu4	everywhere; in all places; all over
信用	信用	xin4yong4	one's credit (i.e. trustworthiness); credit (i.e. possible bank loan)
烧	燒	shao1	to burn; to cook; to stew
代表	代表	dai4biao3	represent; to delegate; on behalf of
修课	修課	xiu1ke4	to take a course, or class
接近	接近	jie1jin4	near; to be close to; to approach
练习	練習	lian4xi2	practice; exercise
立刻	立刻	li4ke4	immediately; at once; right away
喜爱	喜愛	xi3'ai4	to like; to love; favorite
商机	商機	shang1ji1	business opportunity; commercial opportunity
中心	中心	zhong1xin1	centre; heart; core
本子	本子	ben3zi5	book; notebook; edition
附近	附近	fu4jin4	(in the) vicinity; nearby; neighboring
商	商	shang1	commerce; consult; Shang dynasty
透过	透過	tou4guo4	go through; via; penetrate
互动	互動	hu4dong4	interactive; interact
顾客	顧客	gu4ke4	customer; client
定时	定時	ding4shi2	a fixed time; with a fixed schedule  
闲	閒	xian2	spare time; free; idle; not busy
须	須	xu1	must
奇怪	奇怪	qi2guai4	strange; odd
健	健	jian4	healthy; robust; strength
枝	枝	zhi1	branch; twig; (mw for sticks, rods, pencils)
反	反	fan3	contrary; anti; opposite; rebellious; reverse
香蕉	香蕉	xiang1jiao1	banana
医	醫	yi1	medical; medicine; doctor; to cure
成立	成立	cheng2li4	establish; to found; to set up
政治	政治	zheng4zhi4	politics
独立	獨立	du2li4	independent; independence; to stand alone
港	港	gang3	harbor; Hong Kong (abbreviation)
姑	姑	gu1	aunt; father's sister; husband's sister; husband's mother
客户	客戶	ke4hu4	customer; account; client
冉	冉	ran3	gradually; passing (of time); surname
等等	等等	deng3deng5	and so on; etc.; wait a minute!
伯母	伯母	bo2mu3	aunt; wife of father's older brother
指头	指頭	zhi3tou5	finger; toe
缺	缺	que1	lack; scarce
流行	流行	liu2xing2	to spread; prevalent; be popular
国际	國際	guo2ji4	international
土地	土地	tu3di4	land; territory; soil 
甜	甜	tian2	sweet; deep, sound (sleep);  agreeable;  (slang) profitable; well-paying
只好	只好	zhi3hao3	have to; be forced to; have no choice but to
计	計	ji4	calculate; compute; to count
想要	想要	xiang3yao4	want; feel like; desire
慢跑	慢跑	man4pao3	to jog
相	相	xiang1, xiang4	each other; mutually; size up by appearance; appearance; posture; Japanese government minister
成为	成為	cheng2wei2	become; turn into
产	產	chan3	to give birth; to reproduce; to produce; product; resource; estate; property
假日	假日	jia4ri4	holiday; non-working day
可以	可以	ke3yi3	can; may; possible; okay
前边	前邊	qian2bian5	in front; ahead
已经	已經	yi3jing1	already
玩	玩	wan2	to play; have a good time; visit; enjoy
唱	唱	chang4	sing; call loudly; to chant
出	出	chu1	go out; occur
消	消	xiao1	disappear; eliminate; use up (time)
完成	完成	wan2cheng2	to complete; accomplish; fulfill
提高	提高	ti2gao1	elevate; heighten; improve
醋	醋	cu4	vinegar
最近	最近	zui4jin4	recently; lately; these days
颗	顆	ke1	(mw for hearts and small, round things like seeds, grains, beans, etc.)
汽车	汽車	qi4che1	car; automobile; bus; vehicle
要求	要求	yao1qiu2	request; demand; requirement
订单	訂單	ding4dan1	order for goods; purchase order
首先	首先	shou3xian1	first (of all); in the first place; firstly
内部	內部	nei4bu4	internal; interior; inside (part, section)
说法	說法	shuo1fa5	wording; statement; way of speaking
好处	好處	hao3chu5	benefit; advantage
习惯	習慣	xi2guan4	habit; usual practice; it's my habit to...; make it a habit...
彦	彥	yan4	accomplished; elegant; phonetic used in names
均	均	jun1	equal; even; all
看法	看法	kan4fa3	point of view; opinion
宿舍	宿舍	su4she4	dormitory; living quarters; hostel
安全	安全	an1quan2	safe; safety; secure; security
气候	氣候	qi4hou4	climate; atmosphere; weather
以为	以為	yi3wei2	think (mistakenly); consider (that); believe
今	今	jin1	now; at present; today; modern
坏处	壞處	huai4chu5	disadvantage; harm; troubles
秒	秒	miao3	second (unit of time or angle)
卖家	賣家	mai4jia1	seller; salesperson
以内	以內	yi3nei4	within; less than
思	思	si1	think; consider
较	較	jiao4	rather; quite; compare; to dispute; clearly; obviously
另	另	ling4	another; other; separate
儿	兒	er2	child; son (Kangxi radical 10); ; (retroflex final)
色	色	se4, shai3	color (Kangxi radical 139)
晚	晚	wan3	evening; night; late
自	自	zi4	from; since; self (Kangxi radical 132)
市集	市集	shi4ji2	a fair; small town
夜里	夜裡	ye4li5	at night; nighttime
公园	公園	gong1yuan2	public park
年级	年級	nian2ji2	grade; year (in school)
好	好	hao3, hao4	good; well; nice; very; quite; be fond of
予	予	yu3, yu2	give; grant; bestow; (archaic) I; me
候	候	hou4	await; inquire after
公里	公里	gong1li3	kilometer
信心	信心	xin4xin1	confidence; faith (in sb. or sth.)
她们	她們	ta1men5	they; them (for females)
一共	一共	yi2gong4	altogether; in total
午	午	wu3	noon (7th Earthly Branch)
省	省	sheng3, xing3	to save; economize; omit; province<br/>examine oneself; to visit; be aware
完全	完全	wan2quan2	complete; whole; totally
发射	發射	fa1she4	launch; shoot (a projectile); fire (a rocket)
煮	煮	zhu3	to boil; to cook
勺	勺	shao2	spoon; ladle
访问	訪問	fang3wen4	visit; call on; interview
辅	輔	fu3	to supplement; assist
扁	扁	bian3, pian1	flat<br/>small
集合	集合	ji2he2	gather; assemble; to muster
大型	大型	da4xing2	large-scale; wide-scale
举行	舉行	ju3xing2	convene; to hold (a meeting, ceremony, etc.)
旡	旡	ji4	choke (on something eaten) (Kangxi radical 71, variant)
动物	動物	dong4wu4	animal
合约	合約	he2yue1	an agreement; a contract; treaty
没	沒	mei2, mo4	not have; there is not; (negative verb prefix)<br/>to drown; submerge
取消	取消	qu3xiao1	cancel; abolish
冈	岡	gang1	ridge; mound
经	經	jing1	classics; scripture; pass through; experience; warp; longitude
上面	上面	shang4mian5	top; on top of; above-mentioned
学会	學會	xue2hui4	to learn; academy; to master
看病	看病	kan4 bing4	visit a doctor; see a patient
内向	內向	nei4xiang4	introverted; (economics etc) domestic-oriented
连	連	lian2	connect; link; in succession; even
了解	了解	liao3jie3	comprehend; understand; know; find out (also 瞭~)
屋	屋	wu1	house; room
行李	行李	xing2li5	luggage; baggage
左边	左邊	zuo3bian5	left side
可惜	可惜	ke3xi1	it's a pity; regrettable; too bad
止	止	zhi3	to stop; prohibit; only (Kangxi radical 77)
理	理	li3	texture, grain, reason, logic; science; to manage...
出问题	出問題	chu1 wen4ti2	to have a problem arise
特	特	te4	special; unusual; extraordinary
买	買	mai3	to buy
只有	只有	zhi3you3	only; only if; can only; only has
努力	努力	nu3li4	work hard; strive
卓	卓	zhuo2	outstanding; lofty
不过	不過	bu2guo4	but; however; only, merely, no more than; cannot be more (intensifier for adjectives)
注音	注音	zhu4yin1	Zhuyin; Bopomofo
韦	韋	wei2	tanned leather (Kangxi radical 178); a common surname
外交	外交	wai4jiao1	diplomacy; foreign affairs
下载	下載	xia4zai4	to download
附	附	fu4	attach; close to
将来	將來	jiang1lai2	the future
久	久	jiu3	long; for a long time
我们	我們	wo3men5	we; us
戈	戈	ge1	dagger-axe; halberd (Kangxi radical 62)
顾	顧	gu4	look after; take into consideration; attend to
这个	這個	zhe4ge5	this
听话	聽話	ting1 hua4	do what one is told; to be obedient
住	住	zhu4	to live; reside; to stop
准时	準時	zhun3shi2	punctually; on time; on schedule
鞋	鞋	xie2	shoes
们	們	men5, men2	(particle forming a plural pronoun)
中	中	zhong1, zhong4	in the middle; medium; among; China; to hit (the mark); be hit; receive
十	十	shi2	ten (Kangxi radical 24)
是	是	shi4	to be (is, am, are)
这儿	這兒	zhe4r5	here
作	作	zuo4	do; make; regard as; act as; write
球	球	qiu2	ball; globe
图	圖	tu2	diagram; plan; picture; pursue; seek; plan for
读	讀	du2, dou4	to read; to study<br/>comma; phrase marked by pause
直	直	zhi2	straight; vertical; frank; directly; continuously
吴	吳	wu2	Wu (common surname); name of states in Southern China at different historical periods
大衣	大衣	da4yi1	overcoat; cloak
用完	用完	yong4wan2	to use up
感受	感受	gan3shou4	feel; experience; emotion; impression
做	做	zuo4	do; make; to produce; be; to cook; write
能力	能力	neng2li4	capability; capable; ability
目的	目的	mu4di4	purpose; aim; goal
护	護	hu4	protect
介	介	jie4	be situated between; interpose; upright; armor; shell; (mw for common people and scholars)
租	租	zu1	to rent;  to lease
购	購	gou4	buy; purchase; procure
科学	科學	ke1xue2	science; scientific knowledge
期望	期望	qi1wang4	earnestly hope or expect; expectation
自信	自信	zi4xin4	self-confidence; be self-confident
生	生	sheng1	to be born; to give birth; to start (a fire); to grow; to be afflicted with; raw; uncooked; life; student (Kangxi radical 100)
京	京	jing1	capital (of a country); Beijing (abbr.)
小	小	xiao3	small; young (Kangxi radical 42)
加	加	jia1	add; increase; plus
床	床	chuang2	bed; couch; mv for blankets, duvets or sheets
现在	現在	xian4zai4	now
学期	學期	xue2qi1	semester; school term
取	取	qu3	to take; get; choose
计画	計畫	ji4hua4	plan; project; program
忙	忙	mang2	busy
每	每	mei3	each; every
我	我	wo3	I; me
马路	馬路	ma3lu4	street; road
需要	需要	xu1yao4	need; require
分钟	分鐘	fen1zhong1	minute; (mw for time)
汽	汽	qi4	steam; vapor
得到	得到	de2dao4	get; obtain
司机	司機	si1ji1	driver; chauffeur
老	老	lao3	old; aged; tough; often; always (Kangxi radical 125)
绍	紹	shao4	connect; introduce; carry on; to join together; continue
约	約	yue1, yao1	make an appointment; agreement; arrange; economize; approximately<br/>to weigh
初	初	chu1	at first; (at the) beginning; initial
民主	民主	min2zhu3	democracy
杯	杯	bei1	cup; (mw for drinks)
氏	氏	shi4	clan; family name (kangxi radical 83)
留言	留言	liu2yan2	to leave a message; to comment
回收	回收	hui2shou1	recycle; recover and put back to use
靠	靠	kao4	depend on; lean on; near; to trust
推车	推車	tui1che1	cart; trolley; pushchair; push a cart
民	民	min2	people; subjects; citizens
撞到	撞到	zhuang4dao4	hit by accident; run into; meet unexpectedly
个人	個人	ge4ren2	individual; personal; oneself
接著	接著	jie1zhe5	catch and hold on; after that; then
底	底	di3	bottom; background; base
庭	庭	ting2	courtyard; spacious hall or yard
一会	一會	yi2hui4	a little while; after a while
资料	資料	zi1liao4	data; material; resources; information
田	田	tian2	field (Kangxi radical 102); surname
打开	打開	da3kai1	to open; turn on
单身	單身	dan1shen1	unmarried; single
安定	安定	an1ding4	stable; quiet; settled; stabilize; calm and orderly
羊毛	羊毛	yang2mao2	wool; fleece
相处	相處	xiang1chu3	get along; interact
久等	久等	jiu3deng3	wait for a long time
顺便	順便	shun4bian4	conveniently; in passing; on the way
口袋	口袋	kou3dai5	pocket; bag; sack
匀	勻	yun2	even; divided evenly; uniform
困难	困難	kun4nan5	difficulty; difficult; problem
遇	遇	yu4	meet with; encounter
同意	同意	tong2yi4	agree; consent; approve
营	營	ying2	battalion; barracks; camp; operate; strive for; nourish
国君	國君	guo2jun1	monarch
后来	後來	hou4lai2	afterwards; after; later
厨房	廚房	chu2fang2	kitchen
流	流	liu2	to flow; to spread; to shed (tears)
结果	結果	jie2guo3	result; outcome; finally; to bear fruit
爬	爬	pa2	to crawl; to climb
捷	捷	jie2	victory; triumph; quick; nimble
型	型	xing2	model; type (e.g. blood)
这么	這麼	zhe4me5	so (much); such; this way; like this
袋子	袋子	dai4zi5	bag
正好	正好	zheng4hao3	just (in time); just right; just enough; happen to; by chance
邮件	郵件	you2jian4	mail; email
伤	傷	shang1	injure; wound; injury
小费	小費	xiao3fei4	tip; gratuity
夸	誇	kua1	to boast; to praise; exaggerate
巾	巾	jin1	piece of cloth; towel; kerchief; head covering; scarf (Kangxi radical 50)
色情	色情	se4qing2	pornography  
万一	萬一	wan4yi1	just in case; if by any chance  
短	短	duan3	short (in length, duration)
几乎	幾乎	ji1hu1	almost; nearly; practically
隶	隶	li4	(subordinate), slave; belong to, capture (Kangxi radical 171)
中间商	中間商	zhong1jian1shang1	intermediary businessman
亿	億	yi4	one hundred million (100,000,000)
当季	當季	dang4ji4	in-season (fruit; vegetables); peak season
部门	部門	bu4men2	department; branch; section
撞	撞	zhuang4	to hit; collide; run into
经营	經營	jing1ying2	engage in (a business activity, etc.); run/operate (a business)
订购	訂購	ding4gou4	to place an order for something
尹	尹	yin3	surname (76th most popular); to rule; to oversee; magistrate (old)
夸张	誇張	kua1zhang1	exaggerate; overstated; hyperbole
裙	裙	qun2	skirt<br/>apron
客厅	客廳	ke4ting1	living room; parlor
汽水	汽水	qi4shui3	soda; pop; soft drinks
射	射	she4	to shoot; to spout; to emit
采	採	cai3	to pick; to gather; to extract; to collect
采	采	cai3	to pick; to gather; to extract; to collect
一方面	一方面	yi4fang1mian4	on the one hand; one side
牠	牠	ta1	it (used for animals)
必要	必要	bi4yao4	necessary; essential; indispensable
部位	部位	bu4wei4	position; place; part (of a whole)
讯号	訊號	xun4hao4	(phone) signal
与	與	yu3, yu4, yu2	(formal) and; to give; together with; participate
学习	學習	xue2xi2	to learn; to study
购买	購買	gou4mai3	to purchase; to buy
不如	不如	bu4ru2	not as good as; inferior to; it would be better to
政	政	zheng4	government; politics; affairs of a family
信任	信任	xin4ren4	to trust; have confidence in
休假	休假	xiu1jia4	go on holiday; be on leave; vacation
毛巾	毛巾	mao2jin1	towel; washcloth
至于	至於	zhi4yu2	as for; as to; go so far as to
穷	窮	qiong2	poor; exhausted
凡	凡	fan2	ordinary; common; any; all; every
交流	交流	jiao1liu2	communicate; exchange; give and take; interaction; to alternate
浴	浴	yu4	bathe; wash; bath
叔	叔	shu1, shu2	uncle; father's younger brother
稳定	穩定	wen3ding4	stable; steady
詹	詹	zhan1	verbose; talkative; (surname)
切	切	qie1, qie4	to cut; to slice; rip off<br/>correspond to; absolutely; ardently
满	滿	man3	full; orig. plentiful; abundant<br/>
店长	店長	dian4zhang3	store manager
伞	傘	san3	umbrella; parasol
鞋子	鞋子	xie2zi5	shoes
相片	相片	xiang4pian4	image; photograph
明亮	明亮	ming2liang4	well-lit; bright; shining; become clear
淇淋	淇淋	qi2lin2	cream (loanword)
欠	欠	qian4	yawn; to lack; owe (Kangxi radical 76)
君	君	jun1	monarch; lord; gentleman
厨	廚	chu2	kitchen
外向	外向	wai4xiang4	extroverted; export-oriented (economy)
资	資	zi1	resources; capital; wealth; provide; to support
可能	可能	ke3neng2	possible; maybe
订位	訂位	ding4wei4	to reserve seats; to make a reservation
机器	機器	ji1qi4	machine; machinery; apparatus
乃	乃	nai3	(formal) to be; thus; so; therefore; only then; you; your
相当	相當	xiang1dang1	equivalent to; appropriate; considerably; quite; rather
躬	躬	gong1	body; to bow; oneself; personally
梦想	夢想	meng4xiang3	to dream of; wishful thinking; dream
伤心	傷心	shang1xin1	sad; grieve; brokenhearted
饮	飲	yin3, yin4	beverage; to drink<br/>give water to animals
尺	尺	chi3	one-third of a meter; ruler; musical note on Chinese scale; foot (in length and height)
有待	有待	you3dai4	not yet (done); pending
随时	隨時	sui2shi2	at any time; at all times; whenever necessary
良	良	liang2	good; nice; skilled; surname
建立	建立	jian4li4	establish; to construct; to set up
正常	正常	zheng4chang2	normal; regular; ordinary
男	男	nan2	male
自由	自由	zi4you2	freedom; free; liberty
正	正	zheng4, zheng1	just (right); straighten; rectify; correct; currently; at the moment; straight; pure; precisely; first lunar month
以外	以外	yi3wai4	beyond; apart from; other than; except for
公关	公關	gong1guan1	public relations
板	闆	ban3	boss; owner
念	念	nian4	read aloud; to study; to miss or think of somebody
不得了	不得了	bu4de2liao3	extremely; very; terribly; my god! (expression of surprise)
运气	運氣	yun4qi5	luck; fortune
主人	主人	zhu3ren2	master; host; owner
企业家	企業家	qi3ye4jia1	entrepreneur; big businessman; industrialist
天空	天空	tian1kong1	sky; space; heavens
门市	門市	men2shi4	retail outlet
雨季	雨季	yu3ji4	rainy season; wet season
线	線	xian4	thread; string; wire; line; route
佰	佰	bai3	hundred (banker's anti-fraud numeral)
面	麵	mian4	noodle; flour
面	面	mian4	face; aspect; side; noodle; flour (Kangxi radical 176)
明白	明白	ming2bai5	clear; obvious; understand; explicit
知音	知音	zhi1yin1	soul mate; intimate friend; lover
式	式	shi4	type; form; style
啤酒	啤酒	pi2jiu3	beer
全家	全家	quan2jia1	whole family
结婚	結婚	jie2hun1	get married
研究	研究	yan2jiu1	to study; to research
举	舉	ju3	lift; raise; cite; choose; entire
所有	所有	suo3you3	all; to have; to possess
义	義	yi4	justice; righteousness; meaning
网	網	wang3	net; network
做到	做到	zuo4dao4	accomplish; achieve; go through with
把	把	ba3, ba4	(mw for things with handles); (pretransitive particle); to hold<br/>a grip; a handle; stem (of plants)
美	美	mei3	beautiful; America
请客	請客	qing3 ke4	to treat; invite to dinner; entertain guests
林	林	lin2	woods; forest; a common surname
他	他	ta1	he; him; (gender-neutral term for both sexes)
白	白	bai2	white; snowy; pure; bright; empty (Kangxi radical 106)
运	運	yun4	to move; to transport; luck
歹	歹	dai3	evil; vicious; bad (Kangxi radical 78)
养	養	yang3	grow (plants), to raise (animals; children); provide for; to support
姨	姨	yi2	aunt; mother's sister
检	檢	jian3	to check; examine; inspect; exercise restraint
也	也	ye3	also; too, as well as
功夫	功夫	gong1fu5	kung fu; skill; art; labor
任何	任何	ren4he2	any; whatever; whichever
画	畫	hua4	draw; picture; painting
之	之	zhi1	(literary equivalent to 的); (pronoun); of
超	超	chao1	super-; exceed; overtake
场	場	chang3, chang2	courtyard; place; field; (mw for games, performances, etc.)<br/>threshing floor
亮	亮	liang4	bright; light; shiny
白天	白天	bai2tian1	daytime; during the day; day
考试	考試	kao3shi4	test; exam; give or take a test
缺点	缺點	que1dian3	weak point; defect; fault; shortcoming
橘子	橘子	ju2zi5	tangerine; mandarin orange
平	平	ping2	flat; level; equal; ordinary
办	辦	ban4	to do; to manage; to handle; to set up
空气	空氣	kong1qi4	air
打折	打折	da3zhe2	give a discount
取得	取得	qu3de2	obtain; acquire; to gain
以上	以上	yi3shang4	more than; above; over; the above; the above-mentioned
店面	店面	dian4mian4	façade; front of an establishment
当做	當做	dang4zuo4	treat as; regard as
口味	口味	kou3wei4	taste (in food); a person's taste
来	來	lai2	come; arrive; ever since; next
找	找	zhao3	look for; seek; give change
上	上	shang4	above; up; on top; get on; go up; to attend
坐	坐	zuo4	to sit; to travel by; to take
尤	尤	you2	outstanding; particularly; especially
要不然	要不然	yao4bu5ran2	otherwise; or else
无	無	wu2	have not; without; not (Kangxi radical 71)
合	合	he2, ge3	to close; to join; to suit; be equal to; whole; together; unit of dry measure for grain equal to one deciliter
带	帶	dai4	to bring; to take along; to carry; look after; raise (children); band; belt; ribbon; zone
丙	丙	bing3	bright; fire (3rd Heavenly Stem)
油腻	油膩	you2ni4	greasy; fatty; oily (food)
般	般	ban1	sort; kind; class; way
报	報	bao4	to report; newspaper; to respond; repay
年轻	年輕	nian2qing1	young
社	社	she4	society; group
温	溫	wen1	warm; temperature; to review; mild; warm up
整	整	zheng3	whole; tidy; put in order; repair; exactly; make sb. suffer
当成	當成	dang4cheng2	to consider as; take to be, regard as; treat as; take for
准	準	zhun3	standard; accurate; definitely; allow; permit
结	結	jie2, jie1	to tie; knot<br/>to bear (fruit); conclude
晴	晴	qing2	clear; fine (as in weather)
钟	鐘	zhong1	clock; bell
脚	腳	jiao3	foot / base (of animal or object)
需	需	xu1	want; require; needs; must
许多	許多	xu3duo1	many; a lot; much
外语	外語	wai4yu3	foreign language
下班	下班	xia4 ban1	get off work; finish work
检查	檢查	jian3cha2	to check; examine; inspect
追	追	zhui1	pursue; chase after; seek; woo
餐	餐	can1	to eat; food; meal; (measure word for meals)
弓	弓	gong1	bow (weapon) (Kangxi radical 57)
晴天	晴天	qing2tian1	fine, sunny day
拜访	拜訪	bai4fang3	pay a visit; call on
董	董	dong3	to direct; supervise; surname
私	私	si1	private; personal; selfish
朵	朵	duo3	mw for flowers and clouds
展	展	zhan3	[display] develop; spread out; unfold; postpone; exhibit
学	學	xue2	to study; learn; science; -ology
舟	舟	zhou1	boat (Kangxi radical 137)
水	水	shui3	water (Kangxi radical 85)
开	開	kai1	to open; to start; to turn on; to operate (a vehicle)
搞好	搞好	gao3hao3	make a good job of; do well
东	東	dong1	East; master; owner
气象	氣象	qi4xiang4	meteorology; atmosphere; phenomenon
现场	現場	xian4chang3	scene (of event or incident); site; live
一定	一定	yi2ding4	must be; surely; certainly; necessarily; definite; fixed, set, at a certain...
去	去	qu4	go; go to (a place); send; cause to go; remove; get rid of; depart from
天气	天氣	tian1qi4	weather
题	題	ti2	topic; subject; question on a test or assignment
什	什	shen2, shi2	what; ten
这	這	zhe4, zhei4	this; these
国外	國外	guo2wai4	abroad; external (affairs); overseas
她	她	ta1	she
口	口	kou3	mouth (Kangxi radical 30); (mw for people, mouthfuls)
文	文	wen2	language; literature; culture; writing (Kangxi radical 67)
八	八	ba1	eight (Kangxi radical 12); (original meaning: separate; distinguish; all around)
大	大	da4, dai4	big; large; great (Kangxi radical 37)
的	的	de5, di4, di2	(possessive, modifying, or descriptive particle)
台山	台山	Tai2shan1	Mount Tai; Taishan county level city in Jiangmen, Guangdong
最	最	zui4	the most; -est; (indicator for superlative)
土	土	tu3	earth; soil; land; local (Kangxi radical 32); unsophisticated
市场	市場	shi4chang3	marketplace; market (also in abstract); 
明	明	ming2	clear; bright; light; brilliant, understand
食物	食物	shi2wu4	food
星	星	xing1	star; heavenly body; satellite; small amount
六	六	liu4	six
门	門	men2	door; opening; gate; (mw for classes and languages) (Kangxi radical 169)
月	月	yue4	moon; month; (Kangxi radical 74: moon; Kangxi radical 130: flesh)
为了	為了	wei4le5	in order to; for the sake of; for the purpose of
当时	當時	dang1shi2	then; at that time; while
教书	教書	jiao1shu1	to teach (school)
间	間	jian1, jian4	(mw for rooms); space; time; among<br/>a gap; to separate
自己	自己	zi4ji3	oneself; self
贵	貴	gui4	expensive; noble; honorable; Guizhou province (abbreviation)
透	透	tou4	penetrate; pass through; transparent; thorough
保护	保護	bao3hu4	protect; defend; to safeguard
功课	功課	gong1ke4	homework; schoolwork
年	年	nian2	year
好像	好像	hao3xiang4	seem like
元	元	yuan2	Chinese monetary unit; dollar; first; principal
接	接	jie1	receive; connect; to meet; to pick up (sb.); to answer (the phone)
钱	錢	qian2	money; coin; Chinese Surname
征求	徵求	zheng1qiu2	solicit; seek; ask for; to request
吃醋	吃醋	chi1cu4	be jealous (usually of a rival in love)
菜	菜	cai4	dish (type of food); cuisine; vegetables
月亮	月亮	yue4liang5	the moon
零	零	ling2	zero
山	山	shan1	mountain; hill; peak (Kangxi radical 46)
力	力	li4	power; force; strength (Kangxi radical 19)
重	重	zhong4, chong2	heavy; intense; repeat; duplicate
起床	起床	qi3chuang2	get up; get out of bed
东京	東京	Dong1jing1	Tokyo, capital of Japan
地方	地方	di4fang5	place; space; room; part
毛	毛	mao2	hair; fur; feather; Chinese unit of money equal to 1/10 yuan (Kangxi radical 82)
音	音	yin1	sound; news; syllable (Kangxi radical 180)
匙	匙	chi2, shi5	spoon; key
生气	生氣	sheng1qi4	angry; mad
象	象	xiang4	elephant; shape; form; appearance; imitate
整理	整理	zheng3li3	put in order; arrange; straighten up; to tidy; to pack (luggage)
宁可	寧可	ning4ke3	would rather; it is the lesser of two evils to
名片	名片	ming2pian4	business card
一向	一向	yi2xiang4	all along; the whole time; constantly; always
怎么样	怎麼樣	zen3me5yang4	how?; how about?; how was it?; how are things?
反对	反對	fan3dui4	oppose; fight against
载	載	zai4, zai3	carry; to load; to hold<br/>year; write down
讨厌	討厭	tao3yan4	to hate; loathe; disgusting; troublesome
农夫	農夫	nong2fu1	peasant; farmer
过世	過世	guo4shi4	pass away; die
成	成	cheng2	finish; complete; accomplish; to turn into; to become
钢	鋼	gang1	steel
术	術	shu4	method; technique; skill
老板	老闆	lao3ban3	boss; proprietor; shopkeeper
决定	決定	jue2ding4	decide; decision
或	或	huo4	or; perhaps
推	推	tui1	to push; to scrape; to decline; postpone; elect
套	套	tao4	cover; sheath; (mw for sets of things); tie together
妹	妹	mei4	younger sister
源	源	yuan2	root; source; origin
念完	念完	nian4wan2	finish reading; finish university
秀	秀	xiu4	elegant; beautiful; refined; ear of grain; show (loanword)
职位	職位	zhi2wei4	(professional) position
请	請	qing3	please; invite; to request<br/>treat
怕	怕	pa4	be afraid; fear
两	兩	liang3	two (cardinal number); both; (unit of weight equal to 50 grams)
足	足	zu2	foot; enough; ample; to be sufficient  (Kangxi radical 157)
甫	甫	fu3	just; only
作法	作法	zuo4fa3	course of action; method of doing something; practice
电信	電信	dian4xin4	telecommunications
祖	祖	zu3	ancestor; forefather; grandfather
超商	超商	chao1shang1	corner shop; convenience store
睡	睡	shui4	to sleep
欠缺	欠缺	qian4que1	lack; be deficient in; shortcoming
消费	消費	xiao1fei4	consume; consumption; spending
收入	收入	shou1ru4	take in; income; revenue
长大	長大	zhang3da4	grow up
比方说	比方說	bi3fang5shuo1	for example; for instance
件	件	jian4	(mw for things, clothes, and items)
电子	電子	dian4zi3	electronic; electron
梯	梯	ti1	ladder; steps; stairs
讲	講	jiang3	speak; lecture; explain; a speech
窗	窗	chuang1	window
讯息	訊息	xun4xi1	message; information; news
计程车	計程車	ji4cheng2che1	taxi (Taiwan)
受到	受到	shou4dao4	receive (influence, restriction, etc.); be subjected to
轻	輕	qing1	light; easy; gentle; soft
才	才	cai2	ability; talent; just now; not until; only then
目	目	mu4	eye; item; section (Kangxi radical 109)
速	速	su4	fast; quick; prompt; rapid
蔬	蔬	shu1	vegetables
访	訪	fang3	to visit; inquire; investigate
爸	爸	ba4	father; dad; pa
原因	原因	yuan2yin1	cause; reason
表哥	表哥	biao3ge1	older male cousin (sons of paternal aunts or maternal uncles and aunts)
耳	耳	er3	ear (Kangxi radical 128)
方向	方向	fang1xiang4	direction; orientation
坏	壞	huai4	bad; broken; go bad; spoil
完	完	wan2	finish; be over; complete
多么	多麼	duo1me5	how (wonderful, etc.); what (a great idea); to what extent
房子	房子	fang2zi5	house; building
只要	只要	zhi3yao4	so long as; if only; provided that
腻	膩	ni4	Tired of something; greasy; oily; bored; sticky; intimate
哪一个	哪一個	na3yi2ge5	which one?
桌子	桌子	zhuo1zi5	table; desk
头	頭	tou2	head; the first; leading; (mw for larger livestock)
南	南	nan2	South
吃饱	吃飽	chi1bao3	to eat enough; to eat one's fill; to eat until full
史	史	shi3	history
发音	發音	fa1yin1	pronounce; articulate; pronunciation
夋	夋	qun1	to dawdle; the emperor Yao's father
以前	以前	yi3qian2	before; formerly; previously
双	雙	shuang1	two; double; (mw for pairs)
糕	糕	gao1	cake
其实	其實	qi2shi2	actually; in fact
谢	謝	xie4	thank; wither (plants); surname Xie
新生	新生	xin1sheng1	newborn; new student
科	科	ke1	branch of study; department; family (biology)
牙	牙	ya2	tooth (Kangxi radical 92)
清	清	qing1	clear; pure; Qing Dynasty (1644-1911)
品种	品種	pin3zhong3	breed; variety
七	七	qi1	seven
音乐	音樂	yin1yue4	music
骂	罵	ma4	scold; curse; condemn; verbally abuse
人	人	ren2	person; man; people (Kangxi radical 9)
原来	原來	yuan2lai2	original; former; as it turns out
气氛	氣氛	qi4fen1	atmosphere; mood; ambience
台	台	tai2	Taiwan (abbr.); (classical) you (in letters); platform; MW for machines/vehicles
饱	飽	bao3	eat until full; satisfied
师	師	shi1	teacher; master; a (military) division
喝	喝	he1, he4	to drink<br/>shout loudly
具	具	ju4	tool; instrument; have
照	照	zhao4	shine; illuminate; according to; to take (a photo); license, permit
捡到	撿到	jian3dao4	find; pick up (from the ground)
垦	墾	ken3	reclaim (land); cultivate; to farm land
心想	心想	xin1xiang3	think to oneself; think
塞车	塞車	sai1che1	(meet a) traffic jam
条件	條件	tiao2jian4	condition; circumstances; prerequisite
休闲	休閒	xiu1xian2	recreation; leisure
自然	自然	zi4ran2	nature; natural; naturally
考	考	kao3	to test; take an exam; to check; verify; examine
迎	迎	ying2	to welcome; greet; to face
江	江	jiang1	large river; Yangtze (abbrev.); a surname
用力	用力	yong4 li4	exert oneself (physically)
签名	簽名	qian1ming2	sign (one's name with a pen, etc.); autograph
相爱	相愛	xiang1'ai4	be in love with each other
说话	說話	shuo1hua4	to talk; speak
周	週	zhou1	circumference; a cycle; circle; complete; week (variant) (common surname)
周	周	zhou1	{week} a cycle; circle; complete; all around (common surname)
既	既	ji4	already; since; both
甫一	甫一	fu3yi1	as soon as, immediately after
努	努	nu3	exert; strive; make an effort
天然	天然	tian1ran2	natural; naturally-formed
骑	騎	qi2	ride or sit (astride)
消息	消息	xiao1xi5	news; information; message
离	離	li2	leave; depart; go away; part from
稳	穩	wen3	stable; steady
陪	陪	pei2	accompany; keep company
受不了	受不了	shou4bu4liao3	cannot endure; unbearable; can't stand
问	問	wen4	ask; inquire
海	海	hai3	ocean; sea
相机	相機	xiang4ji1	camera
王	王	wang2, wang4	king; (common surname) (Kangxi radical 96, variant)
北	北	bei3	north
机	機	ji1	machine; aircraft; pivot; opportunity
现代	現代	xian4dai4	modern times; modern age
四	四	si4	four
罗	羅	luo2, luo1	gauze; net for catching birds; collect; sieve<br/>long-winded; wordy; troublesome
华	華	hua2, Hua4	China; glory; flowery; abbr.for Huashan Mountain in Shaanxi
用	用	yong4	to use (Kangxi radical 101)
食	食	shi2	eat; food (Kangxi radical 184)
边	邊	bian1	side; edge; margin; (suffix in place words)
时	時	shi2	time; o'clock; when
走	走	zou3	to walk; to go; to move (Kangxi radical 156)
歌手	歌手	ge1shou3	singer; vocalist
如	如	ru2	if; as if; such as; for example; compared to
网站	網站	wang3zhan4	website
另外	另外	ling4wai4	another; in addition; besides
围	圍	wei2	encircle; surround; enclose
传	傳	chuan2, zhuan4	send (text message, email); pass on; hand down; to spread<br/>biography; tale
他们	他們	ta1men5	they; them
让	讓	rang4	to ask, let, yield
一边	一邊	yi4bian1	one side; at the same time
变	變	bian4	to change; become different
叫	叫	jiao4	to call; to cry; to shout; to name; be called; to greet; to hire; to order
冷	冷	leng3	cold
颜	顏	yan2	face; color
议	議	yi4	opinion; viewpoint; discuss; debate
五	五	wu3	five
汤匙	湯匙	tang1chi2	(soup) spoon; tablespoon
身	身	shen1	body; torso; person (Kangxi radical 158)
生活	生活	sheng1huo2	life; livelihood; to live
意思	意思	yi4si5	meaning; idea; opinion
眼	眼	yan3	eye
类	類	lei4	kind; type; class; category; resemble
好奇	好奇	hao4qi2	curious
斥	斥	chi4	to blame; reprove; accuse
送	送	song4	to deliver; to carry; to give; to send; to take someone somewhere
点心	點心	dian3xin5	dim sum; light refreshments; snacks; dessert
跳	跳	tiao4	jump; hop; skip
借	借	jie4	lend; borrow; excuse
开场	開場	kai1chang3	to start an event
简讯	簡訊	jian3xun4	text message
著急	著急	zhao2ji2	to worry; feel anxious (for simplified, add 着~)
干	乾	gan1, qian2	dry; clean; "sky" or "male" in Eight Trigrams<br/>surname with trigram pronunciation
地位	地位	di4wei4	position; status; standing
书包	書包	shu1bao1	schoolbag; satchel
折扣	折扣	zhe2kou4	discount; rebate
有关	有關	you3guan1	having to do with; concerning; related to
古老	古老	gu3lao3	ancient; old
爱	愛	ai4	love; affection; be fond of
毕业	畢業	bi4ye4	graduation; graduate
电影	電影	dian4ying3	movie; film
简	簡	jian3	simple
且	且	qie3, ju1	further; moreover; for the time being; about to ...
橘	橘	ju2	tangerine
助	助	zhu4	to help; assist
毛衣	毛衣	mao2yi1	woolen sweater
简单	簡單	jian3dan1	simple; uncomplicated
呆	呆	dai1	stupid; foolish; blank; dumbstruck; to stay
错过	錯過	cuo4guo4	to miss (train, opportunity etc); let slip
怪	怪	guai4	strange; to blame; monster
何	何	he2	why; what; how; where; which
圾	圾	ji1	garbage; rubbish (tw pronunciation different)
伯	伯	bo2	uncle; father's elder brother; senior; (feudal rank) count
岁	歲	sui4	years old; age
然	然	ran2	correct; thus; so; like that; however
破洞	破洞	po4dong4	a hole
恭	恭	gong1	respectful; polite; reverent
搬	搬	ban1	move; take away; remove; transport
继续	繼續	ji4xu4	continue; go on; continuously
一样	一樣	yi2yang4	the same; alike; equal to
信封	信封	xin4feng1	envelope
参	參	can1, shen1, san1	join; (consult) take part in; refer to; ginseng
偷	偷	tou1	steal; pilfer
研	研	yan2	to grind; study; research
甘	甘	gan1	sweet; willing (Kangxi radical 99); Gansu province (abbr.)
步	步	bu4	a step; to walk; to march
旁	旁	pang2	sides, beside
健康	健康	jian4kang1	health; healthy
经过	經過	jing1guo4	to pass; go through; as a result of
亟	亟	ji2, qi4	urgent; anxious; earnestly; repeated; frequent
谷	谷	gu3	valley; grain; millet; (Kangxi radical 150)
吉	吉	ji2	lucky; (abbr.) Jilin province; giga-
上网	上網	shang4wang3	to surf the web; to go online
礼拜	禮拜	li3bai4	week; religious service; worship
放心	放心	fang4xin1	relax; feel relieved; rest assured
联	聯	lian2	to ally; to unite; join
心情	心情	xin1qing2	mood; state of mind
福	福	fu2	[blessing] good fortune; happiness; luck
记	記	ji4	to remember; to record; to note
真正	真正	zhen1zheng4	genuine; real; true
童	童	tong2	child; children; servant boy
指教	指教	zhi3jiao4	give advice or comments to; advice or comments
自动	自動	zi4dong4	automatic
前面	前面	qian2mian5	in front; fore; ahead; preceding
街	街	jie1	street
平常	平常	ping2chang2	ordinary; common; usually
莹	瑩	ying2	jade-like stone; luster of gems; lustrous and transparent
极	極	ji2	extremely; utmost point; extremity; pole
素	素	su4	plain; element; vegetable
乐团	樂團	yue4tuan2	orchestra; band
随著	隨著	sui2zhe5	along with; in the wake of; following
照顾	照顧	zhao4gu5	take care of; look after; give consideration; take care
主任	主任	zhu3ren4	director; head; chief; person in charge
过年	過年	guo4 nian2	celebrate the Chinese New Year
味	味	wei4	taste; flavour; odour
咱们	咱們	zan2men5	we; us; our
界	界	jie4	boundary; scope; extent
禾	禾	he2	grain (Kangxi radical 115)
期	期	qi1, qi2, ji1	period of time; phase; stage, [due] entire, whole (year or month)
过	過	guo4	to pass; to cross; go over; celebrate; (indicates a past experience)
忄	忄	xin1	heart (Kangxi radical 61, shùxīnpáng, standing variant)
味道	味道	wei4dao5	flavor; taste; interest; odour; smell
料	料	liao4	material; stuff; grain; to expect
觉得	覺得	jue2de5	feel; think
委	委	wei3	entrust; committee; discard; accumulate
着	着	zhe5, zhao2, zhuo2, zhao1	-ing (indicating action in progress)<br/>to touch; to feel; to wear; apply; to catch
德	德	de2	virtue; Germany
车站	車站	che1zhan4	(bus, train, etc.) stop; station
净	淨	jing4	clean; cleanse; all gone; all; only
汁	汁	zhi1	juice
来不及	來不及	lai2bu5ji2	not enough time; too late
明明	明明	ming2ming2	obviously; plainly; undoubtedly
作业	作業	zuo4ye4	school assignment; homework; task
出门	出門	chu1 men2	go out; leave home
恐怕	恐怕	kong3pa4	be afraid; to fear; I'm afraid that...
上线	上線	shang4xian4	online
乱	亂	luan4	disorder; confusion; arbitrarily
睛	睛	jing1	eyeball
屋子	屋子	wu1zi5	room; house
美食	美食	mei3shi2	delicious food; delicacies
望	望	wang4	to hope; expect; gaze in the distance; to visit; full moon
雇	雇	gu4	to hire; to employ
预习	預習	yu4xi2	prepare a lesson before class; preview
意	意	yi4	meaning; thought; wish; expect
知道	知道	zhi1dao5	know; be aware of
随	隨	sui2	follow; go along with; allow
垂	垂	chui2	to hang (down); droop; dangle
支	支	zhi1	branch; to support; put up; to pay; (mw for long, narrow objects) (Kangxi radical 65)
压	壓	ya1, ya4	to press; push down; keep under (control)<br/>in the first place; to crush
动身	動身	dong4 shen1	go on a journey; leave
注意	注意	zhu4yi4	pay attention to; take notice of; be careful
掉	掉	diao4	to drop; to fall
修	修	xiu1	repair; construct; decorate; to take (a class)
新闻	新聞	xin1wen2	news
集中	集中	ji2zhong1	concentrate; to focus; collect
指	指	zhi3	finger; to point; refer to
对待	對待	dui4dai4	to treat; deal with
高	高	gao1	high; tall (Kangxi radical 189)
区	區	qu1, Ou1	region; area; district<br/>Surname
充实	充實	chong1shi2	substantial; rich; enrich; substantiate
除夕	除夕	chu2xi1	Lunar New Year's Eve
一半	一半	yi2ban4	(one) half
刑	刑	xing2	punishment; torture; death penalty
个性	個性	ge4xing4	individuality; personality
不管	不管	bu4guan3	no matter (what, how, etc.); regardless of
灯	燈	deng1	lamp; light
无聊	無聊	wu2liao2	nonsense; bored; boring; silly
集	集	ji2	gather; collect; volume; episode
十字路口	十字路口	shi2zi4 lu4kou3	intersection; crossroads
旁边	旁邊	pang2bian1	side; beside; next to
既然	既然	ji4ran2	since; given that; now that
影响	影響	ying3xiang3	influence; affect; effect
争	爭	zheng1	struggle; fight/compete for; argue over
父亲	父親	fu4qin5	father (formal)
中间	中間	zhong1jian1	center; middle; between; among
宁	寧	ning2, ning4	peaceful; tranquil; serene; Ningxia autonomous region (abbreviation)<br/>rather; prefer
敢	敢	gan3	to dare
人情味	人情味	ren2qing2wei4	human feelings; human interest
之后	之後	zhi1hou4	after; later; following
节省	節省	jie2sheng3	save; use sparingly; frugal
迟	遲	chi2	late; slow
直接	直接	zhi2jie1	direct; immediate
改	改	gai3	to change; alter; to transform; correct, check (homework)
推出	推出	tui1chu1	release; launch; push out; present to the public
持	持	chi2	[to maintain, to preserve] to hold; to support; manage; oppose
乡下	鄉下	xiang1xia5	countryside; rural; village
康	康	kang1	peaceful; healthy; happy
备	備	bei4	prepare; have ready; equipment; fully
完整	完整	wan2zheng3	complete; intact
级	級	ji2	grade (in school); level; rank
虽	雖	sui1	although; even though
占	占	zhan4, zhan1	occupy; seize; constitute, to divine; fortune telling
病人	病人	bing4ren2	a patient; sick person
教室	教室	jiao4shi4	classroom
懂得	懂得	dong3de5	understand; to grasp; know
财	財	cai2	wealth; money; property
使用	使用	shi3yong4	use; employ; apply; administer; manipulate
前年	前年	qian2nian2	the year before last
罐	罐	guan4	can; jar; pot; pitcher; jug
冰箱	冰箱	bing1xiang1	refrigerator
离开	離開	li2kai1	leave; depart
方式	方式	fang1shi4	way; style; fashion; manner
外头	外頭	wai4tou5	outside; outdoors
面包	麵包	mian4bao1	bread
典	典	dian3	a standard; ceremony; allusion; to mortgage; canon
路	路	lu4	road; path; journey; route
其他	其他	qi2ta1	other; else {the others, the remaining…}
女	女	nv3	woman; female (Kangxi radical 38)
士	士	shi4	scholar; warrior (Kangxi radical 33)
趣	趣	qu4	interesting; interest
唸书	唸書	nian4shu1	to study; to read
河	河	he2	river
表示	表示	biao3shi4	express; show; indicate
喜	喜	xi3	fond of; like; enjoy; happiness
世	世	shi4	life; age; generation; world
末	末	mo4	end; final; tip
度过	度過	du4guo4	to pass; to spend (time); to survive; to get through
系	系	xi4, ji4	{academic department} system; connect; arrest; department;; tie; fasten; button up
系	係	xi4	be; relate to; connection
息	息	xi1	breath; news; interest (on money); cease; to stop; to rest
当	當	dang1, dang4	should; act as; manage; match, appropriate; assume; pawn
报告	報告	bao4gao4	to report; make known; inform; speech; lecture
罔	罔	wang3	deceive; no; not
继	繼	ji4	then; after<br/>follow; continue
放假	放假	fang4 jia4	have a holiday or vacation
俩	倆	lia3, liang3	(colloquial) two (people); some; both
停	停	ting2	to stop; to halt; to park (a car)
拜年	拜年	bai4nian2	to pay a new year call; to wish sb a Happy New Year
奖	獎	jiang3	prize; award; encouragement
续	續	xu4	continue; replenish; renew 
冒	冒	mao4	to emit; brave; bold; send out; to cover
公	公	gong1	public; fair; honorable (designation); international; male (animal)
工程	工程	gong1cheng2	engineering; engineering project
有时	有時	you3shi2	sometimes; now and then; at times
书房	書房	shu1fang2	study (room)
卡片	卡片	ka3pian4	card
棒	棒	bang4	stick; club; good; excellent
新	新	xin1	new
旅	旅	lv3	trip; travel; brigade 
那	那	na4, nei4	that; in that case; then
吃饭	吃飯	chi1fan4	to eat (a meal)
青	青	qing1	blue or green; young (Kangxi radical 174); Qinghai province (abbr.)
新人	新人	xin1ren2	new type of person; newlywed, in particular a new bride; bride and groom
像	像	xiang4	be like; resemble; appearance; image
卑	卑	bei1	low; inferior; modest; humble
有趣	有趣	you3qu4	interesting; fascinating; amusing
句	句	ju4	(mw for sentences or lines); clause; phrase
其	其	qi2	his; her; its; their; he; she; it; that; such; (marking question, emphasis, imperative)
囟	囟	xin4	fontanel (gap between bones in a baby's skull)
慕	慕	mu4	admire; long for; yearn for; desire
日期	日期	ri4qi1	date (time period)
部分	部分	bu4fen5	part; share; section
漂亮	漂亮	piao4liang5	pretty; beautiful
容易	容易	rong2yi4	easy
矢	矢	shi3	arrow (Kangxi radical 111); to vow
者	者	zhe3	one who (does something); -er; -ist; (person); specialist 
兴	興	xing4, xing1	interest; excitement<br/>prosper; begin; encourage; to rise
李	李	li3	plum; surname Li
互	互	hu4	mutual; reciprocally
包	包	bao1	to cover; to wrap; to hold; include; bag; (mw for containers, packages, etc.)
北部	北部	bei3bu4	northern part; Tonkin (region in Vietnam)
有点	有點	you3dian3	a little; somewhat
亭	亭	ting2	pavilion; kiosk
悤	悤	cong1	(variant of 匆) hurried; hasty
开学	開學	kai1xue2	start school; begin a term
等	等	deng3	wait; await; when; till; class; rank; grade; kind; sort; equal; and so on; etc.
凶	凶	xiong1	fierce; terrible; ominous
和平	和平	he2ping2	peace
央	央	yang1	center; middle; beg; conclude; run out
段	段	duan4	paragraph; segment; section; period of time; (mw for segments)
由于	由於	you2yu2	due to; as a result of; thanks to
想像	想像	xiang3xiang4	to imagine; to fancy; to visualize;; imagination
蕉	蕉	jiao1	banana; plantain; any of several broad-leafed plants
打工	打工	da3 gong1	work part time; do manual labor; do odd jobs
旁听	旁聽	pang2ting1	be (at a conference, etc.) as an observer; attend as a visitor; sit in (on a class); attend class as an auditor or non-credit earning student
特别	特別	te4bie2	special; especially; particular
苦	苦	ku3	bitter; hardship; suffering; pain; cause sb. suffering; suffer from; painstakingly
发展	發展	fa1zhan3	develop; development; growth
填	填	tian2	write; fill in
网路	網路	wang3lu4	(Taiwan) network (computer, telecom); the Internet
向	向	xiang4	direction; towards; to turn; to face
一下子	一下子	yi2xia4zi5	(indicates doing sth. a short duration or just once); once; one time; a short while; all at once
图片	圖片	tu2pian4	image; picture; photograph
就让	就讓	jiu4rang4	Even if
石	石	shi2	stone (Kangxi radical 112)
即	即	ji2	to mean; namely; to reach; at present; even if
团	團	tuan2	group; team; round; ball; unite; dumpling; (mw for ball-like things)
谈	談	tan2	to talk; to chat; discuss
婚	婚	hun1	marriage; to marry
非常	非常	fei1chang2	extremely; extraordinary; very
抽	抽	chou1	draw out; to smoke (cigarettes); inhale; whip or thrash
嘴巴	嘴巴	zui3ba5	mouth
原	原	yuan2	original; raw; level; cause; source
黄	黃	huang2	yellow; (common surname) (Kangxi radical 201)
用心	用心	yong4xin1	motive; intention; attentively; diligently
座位	座位	zuo4wei4	a seat; a place
鸟	鳥	niao3	bird (Kangxi radical 196)
全	全	quan2	whole; entire; complete
带来	帶來	dai4lai2	bring; bring about
字典	字典	zi4dian3	character dictionary
棒球	棒球	bang4qiu2	baseball
便利	便利	bian4li4	convenient; easy; facilitate
异	異	yi4	different; unusual; strange; surprising
市区	市區	shi4qu1	urban area; city center
讲究	講究	jiang3jiu5	be particular about; fastidious; stress; exquisite; careful study
碰	碰	peng4	to touch; to bump; to encounter
楼梯	樓梯	lou2ti1	stairs
脱	脫	tuo1	to shed (of hair, skin); take off; to escape
生意	生意	sheng1yi5	business; trade
拣	揀	jian3	choose; select; sort out
欢迎	歡迎	huan1ying2	to welcome; greet
信用卡	信用卡	xin4yong4ka3	credit card
卖	賣	mai4	to sell
蜀	蜀	shu3	abbreviation for Sichuan 四川 Province; one of Three Kingdoms after fall of Han dynasty; caterpillar
倒	倒	dao3, dao4	collapse; fall; fail; exchange<br/>invert; move backwards; pour; contrary to expectations
长	長	chang2, zhang3	long; length<br/>grow; chief (Kangxi radical 168)
其中	其中	qi2zhong1	among; in; included among these
大楼	大樓	da4lou2	tall building
冬	冬	dong1	winter
可爱	可愛	ke3'ai4	cute; lovely
也许	也許	ye3xu3	perhaps; probably; maybe
感动	感動	gan3dong4	move; be moved; touch emotionally
欢	歡	huan1	happy; vigorous
择	擇	ze2, zhai2	select; choose; pick out<br/>pick over; extricate oneself from
收	收	shou1	receive; accept; collect; to harvest
宛	宛	wan3	winding; tortuous; similar
贯	貫	guan4	pierce; thread for stringing holed copper coins; thread together
报纸	報紙	bao4zhi3	newspaper
奶奶	奶奶	nai3nai5	grandma; paternal grandmother
脚踏车	腳踏車	jiao3ta4che1	(Taiwan usage) bicycle
帮助	幫助	bang1zhu4	help; assist; aid
杯子	杯子	bei1zi5	cup; glass
时候	時候	shi2hou5	time; length of time; moment
提	提	ti2, di1	to carry; to lift; to raise (an issue)
唱歌	唱歌	chang4 ge1	to sing (a song)
健身房	健身房	jian4shen1fang2	gym; exercise room
周日	週日	zhou1ri4	Sunday
表	表	biao3	{a form (to fill out)} surface; a table (listing information); to show; (wrist) watch; a meter (measuring something)
表	錶	biao3	{meter} surface; a table (listing information); to show; (wrist) watch; a meter (measuring something)
麦	麥	mai4	wheat (Kangxi radical 199)
主角	主角	zhu3jue2	main character; lead role; protagonist
房东	房東	fang2dong1	landlord
果汁	果汁	guo3zhi1	fruit juice
括	括	kuo4	draw together (muscles, etc.); to contract; enclose; include
兆	兆	zhao4	omen; million (PRC); trillion (Taiwan); mega- (PRC); tera- (Taiwan); megabyte (PRC)
开朗	開朗	kai1lang3	open; cheerful; optimistic
重视	重視	zhong4shi4	to value; take seriously
暖	暖	nuan3	warm
打扫	打掃	da3sao3	to clean; to sweep
办法	辦法	ban4fa3	way (of doing sth.); means; measure; method
风景	風景	feng1jing3	scenery; landscape
餐厅	餐廳	can1ting1	dining hall; cafeteria; restaurant
人生	人生	ren2sheng1	human life
听见	聽見	ting1jian4	to hear
兑	兌	dui4	exchange; to convert; to add (liquid); to blend
寄	寄	ji4	send; to mail; depend on
巴士	巴士	ba1shi4	bus
耳朵	耳朵	er3duo5	ear
圆	圓	yuan2	round; circular; formal unit of Chinese currency
兄	兄	xiong1	elder brother
试	試	shi4	to try; to test; examination
开心	開心	kai1xin1	feel happy; have fun; make fun of somebody
桌	桌	zhuo1	table
迟到	遲到	chi2dao4	be late; arrive late
本来	本來	ben3lai2	originally; at first
礼物	禮物	li3wu4	a gift; a present
钱包	錢包	qian2bao1	wallet; purse
祥	祥	xiang2	good luck; good omen; propitious
房间	房間	fang2jian1	room
姓	姓	xing4	surname; family name
出生	出生	chu1sheng1	be born
眼睛	眼睛	yan3jing5	eye
响	響	xiang3	make a sound; noisy; noise; echo
炉	爐	lu2	stove; oven; furnace
一些	一些	yi4xie1	some; a few; a little; a number of; certain
识	識	shi2	to know; recognize; knowledge; experience
会计	會計	kuai4ji5	accountant; accounting
遍	遍	bian4	all over; everywhere; once through; a time (mw for actions)
犀	犀	xi1	rhinoceros
幸	幸	xing4	lucky; rejoice; fortunately
将	將	jiang1, jiang4	(will, shall, future tense); be ready; will<br/>general; commander
痛	痛	tong4	to ache; pain; sorrow; agonize
假	假	jia3, jia4	fake; if; borrow<br/>vacation; holiday
现金	現金	xian4jin1	cash
佥	僉	qian1	(written) all; unanimous; together
佥	僉	qian1	(written) all; unanimous; together
讯	訊	xun4	interrogate; to question; information; news; message; dispatch
齐	齊	qi2	[tidy] even; aligned; be level with; neat; uniform (Kangxi radical 210)<br/>surname
旅馆	旅館	lv3guan3	inn; hotel; hostel
帚	帚	zhou3	broom
甲	甲	jia3	one; armor (1st Heavenly Stem); (finger/toe)nail; shell
皮包	皮包	pi2bao1	leather handbag; briefcase; portfolio
受	受	shou4	receive; accept; endure; suffer
分手	分手	fen1shou3	to part company; to separate; to break up
看见	看見	kan4jian4	see; catch sight of
路口	路口	lu4kou3	intersection (of roads); crossing
羽	羽	yu3	feather (Kangxi radical 124)
纸	紙	zhi3	paper
管理	管理	guan3li3	supervise; manage
护士	護士	hu4shi5	nurse; doctor’s helper
巧克力	巧克力	qiao3ke4li4	chocolate (loan word)
袋	袋	dai4	sack; bag; pouch; pocket
祝	祝	zhu4	to wish; bless
时差	時差	shi2cha1	jet lag; time difference
药	藥	yao4	medicine; drug; cure; chemical
招牌	招牌	zhao1pai5	shop sign; specialty
脸	臉	lian3	face
甜点	甜點	tian2dian3	dessert; sweet snacks; sweets
治	治	zhi4	rule; govern; cure
差不多	差不多	cha4bu5duo1	almost; about the same
猪	豬	zhu1	pig; swine
价钱	價錢	jia4qian2	price
楼下	樓下	lou2xia4	downstairs
可乐	可樂	ke3le4	cola; amusing
意见	意見	yi4jian4	opinion; view; suggestion; complaint
或者	或者	huo4zhe3	or; possibly; maybe; perhaps
唸	唸	nian4	read aloud (variant)
睘	睘	qiong2	lonely, (ancient variant of 茕) orphan
算	算	suan4	calculate; reckon/ compute; regard as; to figure; to count (as something)
份	份	fen4	part; portion; (mw for gifts, documents, papers, jobs, etc.)
愿望	願望	yuan4wang4	desire; wish; aspiration
曼	曼	man4	graceful; prolonged
厅	廳	ting1	(reception) hall; office; public room of a house
弃	棄	qi4	abandon; discard; throw away; relinquish
多半	多半	duo1ban4	for the most part; mostly; most likely
充	充	chong1	fill; fulfill; act in place of; substitute
到期	到期	dao4qi1	become due; expire (visa, etc.); mature (investment bond, etc.)
泼	潑	po1	to splash; to spill; rude and unreasonable; brutish
想到	想到	xiang3dao4	to expect; to think of; call to mind
生病	生病	sheng1bing4	get sick; become ill
万	萬	wan4	ten thousand
从来	從來	cong2lai2	all along; from the past till the present; always; at all times; (when followed by 没有) never
客气	客氣	ke4qi5	polite; courteous; formal; modest
矛	矛	mao2	spear (Kangxi radical 110); lance
成功	成功	cheng2gong1	success; succeed; successful
值	值	zhi2	value; worth; happen to be; on duty
替	替	ti4	substitute for; take the place of; on behalf of
技	技	ji4	skill; ability; talent
会话	會話	hui4hua4	conversation
清楚	清楚	qing1chu5	clear; distinct; be clear about
责	責	ze2	responsibility; demand; to blame; interrogate; punish
糖	糖	tang2	sugar; candy; sweets
选择	選擇	xuan3ze2	select; choose; option; choice
折	折	zhe2, she2, zhe1	to break; to fracture; convert into; to fold; to snap; lose money; turn; roll over
比方	比方	bi3fang5	instance; analogy; example
肖	肖	xiao4, xiao1	resemble; look like<br/>surname Xiao
突	突	tu1	{prominent} dash forward; protrude; suddenly; break out
扰	擾	rao3	disturbance; annoy; agitate
品质	品質	pin3zhi4	quality; character
风	風	feng1	wind; news; style (Kangxi radical 182)
此	此	ci3	this; these
穿上	穿上	chuan1shang5	put on (clothes)
手表	手錶	shou3biao3	wristwatch
季节	季節	ji4jie2	season; time; period
利用	利用	li4yong4	make use of; exploit; take advantage of
旧	舊	jiu4	old; past; used
严	嚴	yan2	strict; severe; serious; (air- or water-) tight
店员	店員	dian4yuan2	store clerk; shop assistant; salesperson
红	紅	hong2	red; symbol of success; bonus; popular
视	視	shi4	look at; regard; inspect
文化	文化	wen2hua4	culture, civilization; education; literacy
周末	週末	zhou1mo4	weekend
奶	奶	nai3	milk; breast
试穿	試穿	shi4chuan1	to try on
朗	朗	lang3	clear; bright
全部	全部	quan2bu4	whole; entire; complete
窗子	窗子	chuang1zi5	window
免	免	mian3	exempt; remove; avoid
羡	羨	xian4	to envy; to admire
弹	彈	dan4, tan2	pellet; bullet; bomb<br/>to pluck; to flick; to play (a stringed instrument); accuse
秋	秋	qiu1	autumn; fall; harvest time
感	感	gan3	to feel; to move; sense
书	書	shu1	book; letter
忧	憂	you1	to worry; worried; grief; sorrow
功	功	gong1	merit; achievement; result; service
内容	內容	nei4rong2	content; substance; details
矮	矮	ai3	short; low
平安	平安	ping2'an1	safe and sound; without mishap
口才	口才	kou3cai2	eloquence 
感觉	感覺	gan3jue2	to feel; become aware of; feeling
如何	如何	ru2he2	how; what; what way
郎	郎	lang2	young man; a youth
挂	掛	gua4	hang; put up; suspend
高中	高中	gao1zhong1	high school; senior high school
解	解	jie3, jie4, xie4	separate; divide; understand; solve<br/>(old) transport under guard<br/>(old) acrobatics
笑	笑	xiao4	to laugh; to smile
农	農	nong2	agriculture; farming
牌子	牌子	pai2zi5	billboard; sign; brand; trademark; plate
帐	帳	zhang4	curtain; canopy; tent; debt; account
当地	當地	dang1di4	local
右边	右邊	you4bian5	the right (directional) side
祭	祭	ji4, zhai4	sacrifice to; worship; wield<br/>Surname Zhai
小说	小說	xiao3shuo1	novel; fiction
亲爱	親愛	qin1'ai4	dear; beloved
动	動	dong4	to move; to use; to act
柬	柬	jian3	card; letter; select (not in traditional)
绩	績	ji4	merit; achievements
纷	紛	fen1	disorderly; scattered; numerous
进步	進步	jin4bu4	to make progress; to advance
关机	關機	guan1ji1	turn off (a machine or device); finish shooting a film
放弃	放棄	fang4qi4	abandon; renounce; give up
活泼	活潑	huo2po5	lively; vivacious
商品	商品	shang1pin3	goods; commodity; merchandise
室友	室友	shi4you3	roommate
语法	語法	yu3fa3	grammar
客	客	ke4	guest; customer; visitor
三明治	三明治	san1ming2zhi4	sandwich
却	卻	que4	but; yet; [despite] however; step back
左	左	zuo3	the left side; left
蛋糕	蛋糕	dan4gao1	cake
花	花	hua1	flower; blossom; spend (money or time); cost
后年	後年	hou4nian2	the year after next
部	部	bu4	part; section; department; (mw for machines; movies; books)
超市	超市	chao1shi4	Grocery store; supermarket
令	令	ling4, ling3	make or cause to be; to order; command<br/>(mw: ream of paper)
乡	鄉	xiang1	village; country; district
叉	叉	cha1, cha3, cha4	fork; intersection<br/>part to form a fork<br/>(劈~) do the splits
焦	焦	jiao1	burnt; scorched; anxious; worried; (metallurgy) coke
尤其	尤其	you2qi2	especially; particularly
难怪	難怪	nan2guai4	no wonder
刚才	剛才	gang1cai2	just now; a moment ago
团聚	團聚	tuan2ju4	reunite; have a reunion
啤	啤	pi2	beer
费	費	fei4	to cost; spend; fee; fare; be wasteful
麻	麻	ma2	hemp; numb; tingling; sesame (Kangxi radical 200)
申	申	shen1	to state; to express; explain; surname (9th Earthly Branch)
唐	唐	Tang2	Tang Dynasty; surname Tang
游泳	游泳	you2yong3	to swim
英	英	ying1	flower; hero; England
烦	煩	fan2	feel vexed; annoyed; to trouble; to bother
包括	包括	bao1kuo4	comprise; include; consist of
换	換	huan4	change; to exchange; to barter; to trade
纠	糾	jiu1	rectify; entangle; gather together
其它	其它	qi2ta1	other; else (objects, animals, events)
作用	作用	zuo4yong4	act on; to affect; action; use; effect; purpose; function
布	布	bu4	cloth; announce; to spread
累	累	lei4, lei3, lei2	tired<br/>accumulate; implicate<br/>rope; bind together
客人	客人	ke4ren2	guest; customer
摸	摸	mo1	to touch; to stroke; fish out; feel out
冰	冰	bing1	ice
麻烦	麻煩	ma2fan5	trouble (someone); troubling; bothersome
牌	牌	pai2	board; sign; brand; cards, game pieces, medal
公斤	公斤	gong1jin1	kilogram
必须	必須	bi4xu1	must; have to
校	校	xiao4, jiao4	school<br/>proofread; compare
辛苦	辛苦	xin1ku3	hard; exhausting; toilsome; laborious
等于	等於	deng3yu2	(mathematics) equal to
卡	卡	ka3, qia3	card; calorie<br/>get stuck
雪	雪	xue3	snow
酒	酒	jiu3	wine; liquors; spirits
担	擔	dan1, dan4	carry on shoulder pole; take on; undertake<br/>(MW of weight equal to 50 kg)
羡慕	羨慕	xian4mu4	to envy; admire
后天	後天	hou4tian1	the day after tomorrow
淋	淋	lin2, lin4	to pour; drench<br/>to filter; to strain
变化	變化	bian4hua4	change; variation; to change; to vary
居	居	ju1	reside; live
箱	箱	xiang1	box; trunk; chest
楚	楚	chu3	distinct; clear; suffering; one of the Warring States
共	共	gong4	altogether; to share; total; Communist Party (abbreviation)
用功	用功	yong4gong1	diligent; industrious; hardworking
经理	經理	jing1li3	manager; director
匕	匕	bi3	spoon; dagger (Kangxi radical 21)
刷	刷	shua1, shua4	to brush; scrub; swipe (a card)<br/>whitened; pale
发票	發票	fa1piao4	receipt or bill for purchase; (government certified) invoice
弄	弄	nong4, long4	do; manage; to handle; make<br/>lane; alley
城	城	cheng2	city; town; city walls
数学	數學	shu4xue2	mathematics; maths
管	管	guan3	take care (of); to control; manage; pipe; tube
古	古	gu3	ancient; old
神	神	shen2	God; unusual; mysterious; spirit
死	死	si3	to die; dead; fixed; impassible; extremely
包子	包子	bao1zi5	steamed stuffed bun
担心	擔心	dan1xin1	worry; feel anxious
幸好	幸好	xing4hao3	fortunately; luckily
辛	辛	xin1	bitter; hot; suffering (8th heavenly stem) (Kangxi radical 160)
私立	私立	si1li4	private (company, school, etc.)
邮局	郵局	you2ju2	post office
职	職	zhi2	duty; job; office; post
笔试	筆試	bi3shi4	written exam
疋	疋	pi3, shu1	bolt of cloth (Kangxi radical 103)
口头	口頭	kou3tou2	oral; verbal
换成	換成	huan4cheng2	change into; exchange; swap
水果	水果	shui3guo3	fruit
冰块	冰塊	bing1kuai4	ice cube
冷气	冷氣	leng3qi4	air conditioning
价	價	jia4	price; value
贴	貼	tie1	to paste; to stick; subsidize; keep close to
愿意	願意	yuan4yi4	willing; want to; ready
礼	禮	li3	ceremony; courtesy; gift; rite
扫	掃	sao3, sao4	to sweep<br/>broom
泳	泳	yong3	to swim
听	聽	ting1	listen; hear; heed
示	示	shi4	to show; spirit; ancestor (Kangxi radical 113); sign
科系	科系	ke1xi4	department (in a college or university)
考上	考上	kao3shang4	to pass (an entrance exam)
说明	說明	shuo1ming2	explain; explanation; illustrate; to show
功能	功能	gong1neng2	function; feature
故事	故事	gu4shi5	story; tale
口试	口試	kou3shi4	oral exam; oral test
痛苦	痛苦	tong4ku3	pain; suffering; agony
弄丢	弄丟	nong4diu1	to lose (something); mislay
角	角	jiao3, jue2	horn; angle; unit of money (1/10 yuan); corner (Kangxi radical 148)<br/>role (theater)
凡事	凡事	fan2shi4	everything
幸福	幸福	xing4fu2	happy; blessed; fortunate
从前	從前	cong2qian2	previously; formerly; in the past; once upon a time
答	答	da2, da1	to answer; to reply<br/>agree to; heed
压力	壓力	ya1li4	pressure; stress
扣	扣	kou4	fasten; button; buckle; knot; cover with concave object; arrest; confiscate; deduct; discount; knock; put upside down; smash or spike a ball; to cover; fig. label sb.
恐	恐	kong3	afraid; to fear; intimidate
成绩	成績	cheng2ji1	achievement; results (of work or study); grade (on schoolwork)
起来	起來	qi3lai2	(beginning or continuing an action); to rise; get up (from bed)
质	質	zhi4	quality; nature; matter
方便	方便	fang1bian4	convenient; practical; useful
性	性	xing4	nature; character; quality; gender
征	徵	zheng1	[indicator; solicit] travel; campaign; to recruit; to levy; to draft (troops); indicator; characteristic
外套	外套	wai4tao4	coat; overcoat
洞	洞	dong4	cave; hole; zero (unambiguous spoken form when spelling out numbers)
闻	聞	wen2	hear; to smell; news; reputation
独	獨	du2	alone; independent; single
爰	爰	yuan2	therefore
拿走	拿走	na2zou3	to take away; to carry away
上传	上傳	shang4chuan2	to upload
远	遠	yuan3	far; distant; remote
惯	慣	guan4	accustomed to; used to
签	簽	qian1	sign one's name
戉	戉	yue4	(ancient variant of 钺 | 鉞) a battle-axe used in ancient China
主	主	zhu3	owner; host; master
笔	筆	bi3	pen; pencil; writing instrument; brush stroke; (mw for sums of money)
一般	一般	yi4ban1	general; ordinary; common; same
给	給	gei3, ji3	to give; to grant; (passive particle)<br/>provide; for/to
年纪	年紀	nian2ji4	age
技术	技術	ji4shu4	technology; technique; skill
除	除	chu2	besides; except; remove; to divide (mathematics)
商店	商店	shang1dian4	shop; store
求	求	qiu2	beg, request, beseech; ask (for), demand; seek, strive for; a surname
同事	同事	tong2shi4	colleague; co-worker
济	濟	ji4, ji3	[bring relief] aid; helpful; ferry; cross (a river)<br/>numerous; (used in place names)
招待	招待	zhao1dai4	receive (guests); entertain; reception
建议	建議	jian4yi4	recommendation; propose; suggest; recommend
注	注	zhu4	pour; concentrate; (mw for deals and sums of money)<br/>annotate; comment on
辆	輛	liang4	(mw for vehicles)
余	余	yu2	excess; surplus; surname
纪	紀	ji4, ji3	age; period; record; annals; chronicles<br/>surname
壬	壬	ren2	to shoulder (9th Heavenly Stem); ninth
班机	班機	ban1ji1	airliner; regular air service; scheduled flight
交	交	jiao1	submit; deliver; turn over; intersect; to pay (money); friendship
过节	過節	guo4jie2	celebrate a festival or holiday
楼	樓	lou2	floor; storied building
孔	孔	kong3	hole; opening; aperture; surname 
位	位	wei4	position; location; (polite mw for people)
茶馆	茶館	cha2guan3	teahouse
胖	胖	pang4, pan2	fat; plump; healthy; at ease
油	油	you2	oil; oily; sly
踢	踢	ti1	to kick; to play (football or soccer)
选	選	xuan3	choose; select
页	頁	ye4	page; leaf (Kangxi radical 181)
多	多	duo1	many; much; a lot of; more than
拉	拉	la1, la2, la4	to pull; to play (string instruments); to drag; to slash; to chat; to leave something behind inadvertently
以	以	yi3	to use; according to; so as to; for; by
云	雲	yun2	cloud; Yunnan province
于	於	yu2	in; at; to
孩	孩	hai2	child; infant
泉	泉	quan2	fountain; spring
为什么	為什麼	wei4shen2me5	why
想法	想法	xiang3fa3	idea; way of thinking; opinion; to think of a way
参加	參加	can1jia1	participate; join (a group); take part in (an activity); give (advice)
有时候	有時候	you3 shi2hou5	sometimes
更	更	geng4, geng1	more; even more<br/>change; watch (e.g. of a sentry or guard)
饿	餓	e4	hungry
物	物	wu4	thing; object; matter
位子	位子	wei4zi5	seats; position
单字	單字	dan1zi4	individual character of the Chinese language; separate word of a foreign language
呼	呼	hu1	exhale; call; cry; shout
习	習	xi2	to practice; be used to; custom
正在	正在	zheng4zai4	in the process of (doing something); while (doing)
快乐	快樂	kuai4le4	happy
筷子	筷子	kuai4zi5	chopsticks
建	建	jian4	establish; to build; to construct
筷	筷	kuai4	chopstick
景	景	jing3	bright; circumstance; scenery
半	半	ban4	half; semi-; incomplete
趟	趟	tang4, tang1	(mw for trips or times)<br/>to wade
关	關	guan1	to close; shut; concern; relationship; turn off; mountain pass
存在	存在	cun2zai4	to exist; to be
颜色	顏色	yan2se4	color; countenance; facial expression
市	市	shi4	market; city
语言	語言	yu3yan2	language
同	同	tong2	same; similar; together; with
家具	家具	jia1ju4	furniture
炎	炎	yan2	flame; scorching hot; inflammation; -itis
应该	應該	ying1gai1	should; ought to; must
电视机	電視機	dian4shi4ji1	television set
拿	拿	na2	carry in your hand; take; get
一下	一下	yi2xia4	a little bit/while; one time; once
难过	難過	nan2guo4	have a hard time; feel sad
踏	踏	ta4, ta1	step on; to stamp; investigate on the spot
殳	殳	shu1	spear-like weapon (Kangxi radical 79)
光	光	guang1	light; ray; bright; only; merely; used up
往前	往前	wang3qian2	move forwards; forwards; before; formerly; in the past
九	九	jiu3	nine
在	在	zai4	be at, on, in (a place or time); exist; rest with; (indicating an action in progress)
园	園	yuan2	garden
慢	慢	man4	slow
比	比	bi3	compare; (indicates comparison) (Kangxi radical 81); to gesticulate as one talks
希望	希望	xi1wang4	hope; wish for; desire
看	看	kan4, kan1	see; look at; to watch; regard<br/>watch over; look after
少	少	shao3, shao4	few; little; lack; lose; young
别	別	bie2, bie4	don't; depart; other; difference; distinguish
专心	專心	zhuan1xin1	concentrate one's attention; be absorbed
猫	貓	mao1	cat
急著	急著	ji2zhe5	be in a hurry to (do something); urgently
大小	大小	da4xiao3	size; dimension
下边	下邊	xia4bian5	below; under; lower level
公开	公開	gong1kai1	public; make public
讨	討	tao3	ask for; demand; beg for; denounce
上班	上班	shang4ban1	go to work; be on duty; start work; go to the office
龙	龍	long2	dragon (Kangxi radical 212)
孑	孑	jie2	solitary
糸	糸	mi4	silk (Kangxi radical 120)
西方	西方	xi1fang1	the West; Western countries
照片	照片	zhao4pian4	picture; photograph
房	房	fang2	house; building; room
召	召	zhao4	call together; summon; convene; recruit
早餐	早餐	zao3can1	breakfast
拜	拜	bai4	pay respect; pay a visit to; worship
比较	比較	bi3jiao4	to compare; comparatively; relatively; contrast
主要	主要	zhu3yao4	main; principal; major
爷	爺	ye2	grandpa; old gentleman
抱	抱	bao4	to hold; to hug; carry in one's arms; to cradle
关心	關心	guan1xin1	be concerned about; care for; be interested in
州	州	zhou1	province; sub-prefecture; federal state
品	品	pin3	article; commodity; product; goods; kind; grade; rank; character; disposition; nature; temperament; variety; to taste something; to sample; to criticize; to comment; to judge; to size up
垃	垃	la1	garbage (pronunciation in TW: lè)
聊	聊	liao2	to chat; merely; a little
昔	昔	xi1	the past; former times; a surname
小时	小時	xiao3shi2	hour
目前	目前	mu4qian2	at present; now; for the moment
进	進	jin4	enter; come in
知	知	zhi1	know
斑马	斑馬	ban1ma3	zebra
发生	發生	fa1sheng1	happen; occur; take place
乐意	樂意	le4yi4	be happy to do something; willing to; content; satisfied
兴趣	興趣	xing4qu4	interest (in something or somebody)
关系	關係	guan1xi5	relation; connection; relationship
肉	肉	rou4	meat; flesh (Kangxi radical 130)
垃圾	垃圾	la1ji1	garbage; rubbish; trash
种	種	zhong3, zhong4	type; breed; race; seed<br/>to plant
打算	打算	da3suan4	to plan; intend
户	戶	hu4	household; door; family; bank account; (Kangxi radical 63)
馆	館	guan3	house; building; establishment
速食	速食	su4shi2	fast food
捡	撿	jian3	pick up; collect; gather
发现	發現	fa1xian4	discover; to find
招	招	zhao1	to beckon; provoke; to recruit; to attract 
实现	實現	shi2xian4	achieve; implement; realize
有空	有空	you3 kong4	have free time; have time (to do sth.)
待	待	dai4, dai1	to wait; to treat; deal with<br/>to stay
聚	聚	ju4	gather; assemble; congregate
卬	卬	ang2	(variant of 昂) to lift; to raise; high; soaring<br/>Surname; to aspire
上午	上午	shang4wu3	morning (before noon)
回答	回答	hui2da2	reply; answer
节日	節日	jie2ri4	holiday; festival
洗	洗	xi3	to wash; bathe
得	得	de2, dei3, de5	obtain; must; (complement particle)
以后	以後	yi3hou4	after; afterwards; later
票	票	piao4	ticket; bank note; a vote
地图	地圖	di4tu2	map
泰	泰	tai4	peace; quiet; Thailand (abbr.)
但	但	dan4	but; yet; however
行动	行動	xing2dong4	to move; get around; action; operation
入	入	ru4	enter (Kangxi radical 11)
对	對	dui4	correct; a pair; to face; be opposite; to; towards
起	起	qi3	to rise; to raise; get up
己	己	ji3	self (6th Heavenly Stem) (Kangxi radical 49)
夜	夜	ye4	night; evening; darkness
斗	斗	dou3	fight<br/>dipper; peck (mw for grain) (Kangxi radical 68)
公共	公共	gong1gong4	public; common (use)
到	到	dao4	arrive (at a place); until (a time)
去年	去年	qu4nian2	last year
衣服	衣服	yi1fu5	clothes
台中	台中	Tai2zhong1	Taichung (city in Taiwan)
单	單	dan1, Shan4	single; odd; simple; only; sheet; list; surname 
有	有	you3	have; there is
衣	衣	yi1, yi4	clothing (Kangxi radical 145)
寸	寸	cun4	inch; (unit of length) (Kangxi radical 41); a little bit
斤	斤	jin1	axe; catty (weight unit equal to 0.5 kilograms) (Kangxi radical 69)
皿	皿	min3	dish (Kangxi radical 108)
吵	吵	chao3	to quarrel; make a noise; noisy
做法	做法	zuo4fa3	way of doing or making things; work method; practice
说	說	shuo1, shui4	speak; to say; to talk
条	條	tiao2	strip; item; (mw for long thin objects)
安	安	an1	peaceful; calm; safe; content; settle; stabilize
米	米	mi3	(husked) rice; meter (Kangxi radical 119)
过去	過去	guo4qu4	in the past; formerly; go over
饭	飯	fan4	food; meal; cooked rice
自从	自從	zi4cong2	since; ever since
聊天	聊天	liao2tian1	to chat
懂	懂	dong3	understand; know
应	應	ying1, ying4	agree; must; should; ought to<br/>respond; deal with; to answer
再	再	zai4	again; once more; then
因	因	yin1	cause; reason; because; on account of
搞错	搞錯	gao3cuo4	mistake; to make a mistake; to blunder; mistaken
司	司	si1	oversee; control; manage; operate;  department; head of a (government) department; surname
老公	老公	lao3gong1	(informal) husband
车	車	che1, ju1	car; vehicle; machine (Kangxi radical 159); (written) chariot
曲	曲	qu3, qu1	song; melody; bent; to bend; wrong
官	官	guan1	an official; governmental; organ (of the body)
站	站	zhan4	stand; a station; be on one's feet; service center
所以	所以	suo3yi3	so; therefore; as a result
样	樣	yang4	appearance; shape; form; manner; sample; model; pattern; tendency; likelihood
放	放	fang4	put; to place; to release; to free
聿	聿	yu4	brush (Kangxi radical 129); then; and then
程	程	cheng2	rule; regulation; order; journey
狗	狗	gou3	dog
该	該	gai1	should; deserve; it is time for (something); this (formal)
分	分	fen1, fen4	divide; part; minute; cent<br/>component; share; ingredient; point
跑	跑	pao3	to run; to escape; to race
本	本	ben3	(mw for books); root or stem of plants; origin; this
一起	一起	yi4qi3	together; in the same place
内	內	nei4	inside; inner; internal; within
想	想	xiang3	think; believe; suppose; would like to; remember with longing; to miss
停止	停止	ting2zhi3	to stop; cease
十分	十分	shi2fen1	very; extremely; one hundred percent; completely; utterly; absolutely
常	常	chang2	always; often; frequently
亡	亡	wang2	die; perish; flee
告	告	gao4	to tell; inform; to say
朋	朋	peng2	friend; companion
母	母	mu3	mother; female (Kangxi radical 80)
雚	雚	guan4	(ancient variant) crane; stork
好用	好用	hao3yong4	easy to use; useful; handy
而且	而且	er2qie3	moreover; in addition; as well as
重大	重大	zhong4da4	great; important; major
行	行	xing2, hang2	to walk; be current; do; will do; okay; a row; series; place; a firm; (Kangxi radical 144)
几	幾	ji3, ji1	how many; several; a few; almost
几	几	ji3, ji1	small table (Kangxi radical 16)
帮	幫	bang1	to help; assist; group; gang
忘记	忘記	wang4ji4	forget
课	課	ke4	class; subject; lesson; course
认	認	ren4	recognize; know; admit
高兴	高興	gao1xing4	happy; glad; willing (to do something)
喆	喆	zhe2	(variant of 哲) sage; wise; sagacious
道	道	dao4	way; direction; method; road; Dao(ism); MW for long thin things (rivers)
被	被	bei4	by (indicates passive voice sentences); quilt; blanket
次	次	ci4	(mw for number of times of occurrence); nth; order
必	必	bi4	(inevitably) certainly; must; necessarily; will
信	信	xin4	to believe; to trust; letter
地下	地下	di4xia4	underground; subterranean; covert
至	至	zhi4	until; to arrive; (Kangxi radical 133)
帮忙	幫忙	bang1mang2	to help (with a favour)
告诉	告訴	gao4su5	to tell; inform; let sb. know
介绍	介紹	jie4shao4	introduce; recommend; to present
电	電	dian4	electricity; electrical
地	地	di4, de5	earth; ground;; - ly (structural particle: used before a verb or adjective, linking it to preceding modifying adverbial adjunct)
昨	昨	zuo2	yesterday; the past
皮	皮	pi2	skin; leather; fur (Kangxi radical 107)
下午	下午	xia4wu3	afternoon
马上	馬上	ma3shang4	at once; immediately; right away
再说	再說	zai4shuo1	furthermore; besides; repeat; say again
幺	幺	yao1	short; tiny; one (spoken, used for telephone numbers, etc.); youngest (Kangxi radical 52)
认识	認識	ren4shi5	know; recognize; acquainted with (a person)
别人	別人	bie2ren2	other people; others
你	你	ni3	you
怎么	怎麼	zen3me5	how; however; what; why
乐器	樂器	yue4qi4	musical instrument
啇	啇	di2	to stalk; stem; foot; base
犬	犬	quan3	dog (Kangxi radical 94)
戊	戊	wu4	halberd (5th Heavenly Stem)
刚	剛	gang1	just (immediate past); firm; exactly
当然	當然	dang1ran2	of course; naturally
呢	呢	ne5, ni2	(modal particle ending a question); how about...?; what about...? 
茶	茶	cha2	tea
帅	帥	shuai4	handsome; graceful; commander-in-chief
因为	因為	yin1wei4	because; owing to; on account of
便	便	bian4, pian2	plain; convenient; urine or excrement; formal equivalent to 就; cheap
写	寫	xie3	write; compose
物理	物理	wu4li3	physics; innate laws of things; law of nature
忍	忍	ren3	to bear; endure; tolerate
虎	虎	hu3	tiger
都	都	dou1, du1	all; both<br/>capital; metropolis
碗	碗	wan3	a bowl; a cup
话	話	hua4	words; speech; language; dialect
一道	一道	yi2dao4	together; alongside
和	和	he2, huo4, huo2, he4	1. and; with; harmony; peace; 2. <br/>mix together;<br/>soft; warm;<br/>join in the singing
号	號	hao4, hao2	number; day of a month; (mw for ordinal numbers)<br/>howl
不少	不少	bu4shao3	quite a few; many
鱼	魚	yu2	fish (Kangxi radical 195)
工作	工作	gong1zuo4	work; a job
但是	但是	dan4shi4	but; however
变成	變成	bian4 cheng2	change into; become
实	實	shi2	real; true; honest; solid
寺	寺	si4	Buddhist temple; mosque; government bureau or office (in ancient China)
找到	找到	zhao3dao4	to find
被子	被子	bei4zi5	quilt; eiderdown; comforter
真	真	zhen1	real; true; genuine
来自	來自	lai2zi4	come from; originate from
问题	問題	wen4ti2	question; problem; issue
线上	線上	xian4shang4	online
同屋	同屋	tong2wu1	roommate (not in Taiwan)
日	日	ri4	sun; day; date; time (Kangxi radical 72)
三	三	san1	three