您,0
誰,0
姓名,0
國,0
中國,0
美國,0
日本,0
名字,0
家,0
電話,0
時間,0
小時,0
現在,0
今年,0
今天,0
明天,0
昨天,0
早上,0
上午,0
中午,0
下午,0
晚上,0
兩,0
時候,0
百,0
半,0
千,0
爸爸,0
媽媽,0
哥哥,0
弟弟,0
姊,0
姐,0
妹,0
小孩,0
的,0
第,0
分,0
點,0
個,0
歲,0
年,0
住,0
來,0
是,0
姓,0
覺得,0
喜歡,0
打電話,0
漂亮,0
高,0
老,0
好,0
很,0
真,0
電腦,0
老師,0
買,0
忙,0
學生,0
大學,0
學校,0
中文,0
同學,0
字,0
筆,0
學,0
問,0
說,0
寫,0
聽,0
對,0
能,0
可以,0
上課,0
知道,0
電視,0
水,0
久,0
早,0
再,0
書,0
電影,0
以前,0
以後,0
走,0
等,0
看,0
就,0
什麼,0
朋友,0
東西,0
吧,0
呢,0
嗎,0
找,0
做,0
再見,0
怎麼樣,0
叫,0
謝謝,0
對不起,0
請問,0
這,0
那,0
公共汽車,0
公車,0
車子,0
到,0
去,0
回,0
坐,0
這裡,0
那裡,0
哪裡,0
開車,0
錢,0
多少,0
給,0
貴,0
便宜,0
大,0
小,0
難,0
容易,0
有,0
想,0
幾,0
塊,0
位,0
飯,0
吃,0
請,0
也,0
不,0
沒,0
都,0
只,0
可是,0
還是,0
了,0
得,0
過,0
沒有,0
男,0
女,0
孩子,0
小姐,0
先生,0
太太,0
女兒,0
兒子,0
大家,0
路,0
手機,0
明年,0
去年,0
生日,0
月,0
日,0
星期,0
星期天,0
禮拜天,0
週末,0
號,0
天,0
從,0
在,0
愛,0
快樂,0
太,0
公園,0
國家,0
分鐘,0
家人,0
胖,0
矮,0
瘦,0
萬,0
鐘頭,0
晚,0
前天,0
後天,0
前年,0
後年,0
自己,0
它,0
它們,0
最,0
怕,0
美,0
應該,0
真的,0
工作,0
醫生,0
醫師,0
一點,0
一些,0
本,0
張,0
英文,0
紙,0
問題,0
意思,0
餐廳,0
飯館,0
畫,0
讀,0
會,0
為什麼,0
下課,0
說話,0
考試,0
懂,0
念,0
課,0
教,0
告訴,0
錯,0
門口,0
枝,0
牛,0
豬,0
雨,0
空氣,0
功課,0
教室,0
句子,0
休息,0
非常,0
房子,0
房間,0
樓,0
門,0
桌子,0
椅子,0
床,0
開,0
低,0
不錯,0
天氣,0
冷,0
熱,0
下雨,0
風,0
山,0
花,0
魚,0
雞,0
咖啡,0
茶,0
用,0
穿,0
起床,0
方便,0
睡覺,0
起來,0
先,0
常常,0
每,0
打,0
玩,0
運動,0
走路,0
唱歌,0
跳,0
還,0
唱,0
歌,0
跳舞,0
又,0
球,0
介紹,0
沒關係,0
事,0
怎麼,0
哪,0
裡面,0
裏面,0
上面,0
下面,0
外面,0
外頭,0
前面,0
後面,0
左邊,0
右邊,0
旁邊,0
裡,0
裏,0
中,0
地方,0
附近,0
帶,0
拿,0
站,0
快,0
慢,0
計程車,0
火車,0
飛機,0
輛,0
出,0
進,0
外國,0
手,0
腳,0
身體,0
眼睛,0
鼻子,0
藥,0
累,0
頭,0
耳朵,0
感冒,0
生病,0
餓,0
痛,0
嘴巴,0
病,0
看病,0
元,0
鞋子,0
衣服,0
比,0
要,0
長,0
新,0
一樣,0
見,0
看見,0
聽見,0
店,0
短,0
飽,0
舊,0
像,0
一共,0
夠,0
筷子,0
有點,0
件,0
杯,0
杯子,0
菜,0
肉,0
酒,0
喝,0
少,0
多,0
小吃,0
牛奶,0
蛋,0
餃子,0
麵,0
湯,0
包子,0
蛋糕,0
麵包,0
水果,0
香蕉,0
食物,0
飲料,0
果汁,0
甜,0
菜單,0
巧克力,0
碗,0
冰,0
一起,0
因為,0
和,0
所以,0
跟,0
一定,0
可能,0
邊,0
別,0
馬上,0
然後,0
得,0
著,0
南,1
西,1
北,1
東,1
中間,1
離,1
離開,1
經過,1
往,1
送,1
放,1
近,1
遠,1
向,1
轉,1
掉,1
一直,1
最後,1
病人,1
頭髮,1
髮,1
手指,1
指頭,1
肚子,1
臉,1
心,1
健康,1
渴,1
舒服,1
眼鏡,1
賣,1
付,1
希望,1
書店,1
商店,1
市場,1
超級市場,1
超市,1
信用卡,1
重要,1
顏色,1
黃色,1
白色,1
手錶,1
襪子,1
雙,1
裙子,1
褲子,1
大衣,1
帽子,1
皮包,1
外套,1
小心,1
比較,1
較,1
差不多,1
戴,1
試,1
輕,1
重,1
樣子,1
特別,1
簡單,1
其他,1
其它,1
聲音,1
聲,1
好像,1
奇怪,1
三明治,1
漢堡,1
蘋果,1
西瓜,1
啤酒,1
紅茶,1
點心,1
冰淇淋,1
青菜,1
糖,1
叉子,1
刀子,1
湯匙,1
盤子,1
片,1
瓶子,1
支,1
份,1
道,1
一半,1
味道,1
酸,1
苦,1
鹹,1
辣,1
香,1
條,1
種,1
包,1
全部,1
所有,1
需要,1
烤,1
過,1
但是,1
或是,1
要是,1
把,1
被,1
讓,1
雖然,1
那麼,1
這麼,1
本來,1
啦,1
呀,1
以為,1
有的,1
替,1
一下子,1
一下,1
不過,1
地,1
位子,2
書桌,2
書包,2
書架,2
本子,2
尺,2
討論,2
同意,2
了解,2
瞭解,2
無聊,2
有趣,2
有意思,2
原因,2
遍,2
改,2
忘記,2
程度,2
趕快,2
以上,2
以下,2
意見,2
用功,2
研究,2
教育,2
選擇,2
建議,2
知識,2
座,2
臥室,2
臥房,2
浴室,2
院子,2
書房,2
洗衣機,2
餐桌,2
打開,2
箱,2
箱子,2
層,2
櫃子,2
大門,2
鄰居,2
熱鬧,2
吵,2
亂,2
房東,2
房屋,2
搬家,2
開水,2
鄉下,2
傘,2
花,2
朵,2
蚊子,2
自然,2
月亮,2
星星,2
環境,2
晴天,2
暖和,2
涼快,2
涼,2
乾,2
濕,2
溼,2
度,2
颱風,2
季節,2
環保,2
垃圾,2
汙染,2
底,2
底下,2
內,2
深,2
淺,2
發生,2
照顧,2
生活,2
日記,2
流,2
流汗,2
夢,2
枕頭,2
鬧鐘,2
拖鞋,2
毛巾,2
刷子,2
肥皂,2
牙膏,2
衛生紙,2
籃子,2
假日,2
結束,2
完,2
散步,2
慢跑,2
野餐,2
爬,2
拍,2
抓,2
座位,2
新聞,2
體育,2
經常,2
雜誌,2
美術,2
畫家,2
興趣,2
收,2
談,2
聊,2
遲到,2
樂器,2
吉他,2
可怕,2
輕鬆,2
情形,2
消息,2
看起來,2
舞,2
游,2
游泳池,2
遊戲,2
茶館,2
門票,2
陪,2
利用,2
好處,2
壞處,2
目的,2
要求,2
合作,2
主人,2
請客,2
約,2
約會,2
派對,2
祝,2
留,2
封,2
信箱,2
郵票,2
回信,2
郵件,2
弄,2
放心,2
偷,2
滿,2
丟,2
換,2
一塊,2
同時,2
保護,2
出門,2
現代,2
傳統,2
除夕,2
春節,2
節日,2
帶來,2
當中,2
法律,2
方面,2
開玩笑,2
可惜,2
老太太,2
有名,2
自由,2
社會,2
時差,2
市區,2
溫泉,2
公路,2
速度,2
到處,2
地點,2
巴士,2
加油,2
摩托車,2
機車,2
船,2
地鐵,2
捷運,2
停車場,2
月台,2
搭,2
飛,2
下,2
上,2
這些,2
那些,2
東方,2
非洲,2
美洲,2
歐洲,2
亞洲,2
大陸,2
動,2
起,2
停,2
中心,2
簽證,2
行李,2
背包,2
鎖,2
入口,2
出口,2
油,2
鑰匙,2
方向,2
交通,2
標準,2
拍照,2
腿,2
背,2
脖子,2
汗,2
臉色,2
救護車,2
咳嗽,2
發燒,2
頭痛,2
疼,2
保險,2
掛號,2
牙刷,2
藥房,2
救命,2
影響,2
感覺,2
精神,2
正常,2
有錢,2
生意,2
商人,2
老闆娘,2
老板娘,2
店員,2
訂,2
訂位,2
得到,2
困難,2
百貨公司,2
夜市,2
逛,2
逛街,2
排隊,2
客滿,2
刷卡,2
提,2
流行,2
藍色,2
綠色,2
紅色,2
黑色,2
毛衣,2
雨衣,2
內衣,2
上衣,2
皮鞋,2
手套,2
口袋,2
小費,2
打折,2
零錢,2
零用錢,2
存,2
毛,2
高級,2
一般,2
合適,2
適合,2
圓,2
光,2
死,2
髒,2
破,2
袋,2
套,2
沙拉,2
牛排,2
海鮮,2
火腿,2
熱狗,2
饅頭,2
米,2
豆腐,2
橘子,2
葡萄,2
芒果,2
烏龍茶,2
豆漿,2
可樂,2
奶茶,2
汽水,2
冰塊,2
甜點,2
餅乾,2
鹽,2
味,2
聞,2
臭,2
口,2
罐,2
顆,2
任何,2
許多,2
新鮮,2
熟,2
炒,2
炸,2
嚐,2
嘗,2
裝,2
不用,2
不但,2
不必,2
不得了,2
不管,2
只好,2
或,2
可能,2
而且,2
原來,2
也許,2
必須,2
多麼,2
這樣,2
那樣,2
等,2
等等,2
別的,2
除了,2
從來,2
大概,2
還好,2
極,2
接著,2
結果,2
立刻,2
沒想到,2
其實,2
其中,2
完全,2
相當,2
一切,2
已,2
尤其,2
越,2
整,2
正,2
只要,2
最好,2
同樣,2
空,2
空,2
連,2
倍,2
包括,2
步,2
當時,2
等到,2
煩,2
剛好,2
或者,2
哇,2
需,2
須,2
直接,2
總,2
泡,2
且,2
比方,2
比方說,2
傳,2
另,2
另外,2
左右,2
當,2
類,2
樣,2
哎,3
唉,3
愛,3
愛情,3
愛惜,3
愛心,3
按,3
安定,3
安靜,3
安排,3
安心,3
按照,3
把,3
白,3
白,3
白菜,3
擺,3
榜樣,3
班機,3
辦理,3
半天,3
包,3
包含,3
寶貝,3
寶貴,3
保守,3
保養,3
保證,3
証,3
抱,3
抱怨,3
報名,3
把握,3
北方,3
被動,3
背後,3
背景,3
輩子,3
本,3
本人,3
逼,3
筆,3
比,3
鞭炮,3
變,3
變成,3
變更,3
變化,3
便條,3
表達,3
表面,3
表示,3
表現,3
表演,3
畢竟,3
避免,3
餅,3
病,3
比如,3
比如說,3
必要,3
播,3
博士,3
博物館,3
布,3
不見了,3
不得不,3
不斷,3
不論,3
不滿,3
部門,3
不如,3
不少,3
不幸,3
不用說,3
布,3
佈置,3
不足,3
擦,3
猜,3
材料,3
採用,3
餐,3
參考,3
草地,3
草原,3
曾,3
曾經,3
差點,3
差別,3
嘗試,3
嚐試,3
產品,3
產生,3
超過,3
超級,3
吵架,3
差異,3
車禍,3
趁,3
襯衫,3
成,3
成果,3
成就,3
承認,3
誠實,3
成熟,3
成長,3
尺,3
吃喝玩樂,3
蟲子,3
充實,3
重新,3
醜,3
抽,3
初,3
串,3
創造,3
出版,3
出差,3
出發,3
出現,3
出租,3
處理,3
廚師,3
吹,3
此,3
刺激,3
從不,3
從小,3
醋,3
寸,3
存在,3
錯,3
錯誤,3
挫折,3
達成,3
打架,3
大多數,3
大方,3
大會,3
代表,3
代替,3
帶領,3
單純,3
淡,3
當場,3
當地,3
當面,3
當年,3
當天,3
當作,3
擔任,3
單身,3
島,3
倒,3
導演,3
到,3
倒,3
到底,3
倒是,3
道德,3
道教,3
道理,3
道歉,3
答應,3
打掃,3
打聽,3
大小,3
大約,3
打仗,3
得,3
得意,3
等待,3
燈光,3
敵人,3
抵達,3
地板,3
地帶,3
地理,3
地球,3
地區,3
地攤,3
地位,3
地下,3
地形,3
點,3
電車,3
電池,3
電燈,3
調查,3
東北,3
東南,3
懂事,3
動物園,3
逗,3
都市,3
毒品,3
獨特,3
讀者,3
段,3
堆,3
對,3
對方,3
對話,3
對了,3
對象,3
頓,3
多多少少,3
嗯,3
而,3
兒童,3
發,3
發表,3
發財,3
發出,3
發達,3
發揮,3
發覺,3
發明,3
犯,3
反而,3
方式,3
房客,3
訪問,3
煩惱,3
範圍,3
翻,3
譯,3
翻譯,3
反應,3
發票,3
發脾氣,3
非,3
費用,3
豐富,3
風格,3
風俗,3
分開,3
佛教,3
否則,3
夫婦,3
符合,3
福利,3
服裝,3
腐敗,3
付出,3
負擔,3
複習,3
負責,3
該,3
改變,3
改進,3
改善,3
改天,3
蓋,3
概念,3
趕,3
趕上,3
感動,3
感想,3
感謝,3
感興趣,3
鋼琴,3
高速,3
搞,3
個,3
歌曲,3
歌星,3
隔壁,3
個人,3
個子,3
給,3
革命,3
跟,3
根,3
根據,3
更加,3
各式各樣,3
各位,3
工廠,3
公尺,3
公分,3
功夫,3
公共,3
公斤,3
工具,3
公克,3
公里,3
功能,3
恭喜,3
工業,3
公寓,3
工作,3
共同,3
貢獻,3
溝通,3
夠,3
購買,3
姑娘,3
古,3
古代,3
古蹟,3
跡,3
古老,3
顧,3
顧客,3
故意,3
刮,3
乖,3
怪,3
關,3
觀察,3
觀點,3
管,3
廣播,3
廣場,3
廣告,3
觀念,3
觀眾,3
規矩,3
規模,3
鬼,3
貴姓,3
國內,3
國外,3
國王,3
國語,3
過去,3
過日子,3
嗨,3
還是,3
還要,3
海報,3
海灘,3
海洋,3
害,3
航空,3
漢語,3
好,3
好好,3
好了,3
和,3
合,3
合唱,3
黑,3
恨,3
恨不得,3
紅,3
紅包,3
紅豆,3
紅綠燈,3
厚,3
後,3
忽然,3
糊塗,3
互相,3
護照,3
黃,3
花心,3
花園,3
滑雪,3
話題,3
化妝品,3
恢復,3
回,3
回想,3
會,3
會場,3
會話,3
會議,3
婚禮,3
婚姻,3
混亂,3
活,3
活動,3
或許,3
基本,3
基礎,3
激動,3
基督教,3
積極,3
激烈,3
機器,3
及,3
及時,3
擠,3
記,3
記錄,3
紀念,3
技巧,3
繼續,3
記憶,3
記者,3
家,3
假,3
架,3
價格,3
肩,3
肩膀,3
堅持,3
剪,3
檢查,3
將來,3
獎學金,3
降低,3
講話,3
講價,3
講究,3
醬油,3
堅強,3
減輕,3
減少,3
簡直,3
建立,3
建設,3
驕傲,3
交流,3
郊區,3
交友,3
角度,3
教,3
教材,3
教導,3
教法,3
教練,3
教師,3
教堂,3
教訓,3
加強,3
加入,3
家鄉,3
家長,3
假如,3
假裝,3
價錢,3
價值,3
接觸,3
接受,3
結,3
節,3
節目,3
結局,3
解決,3
姊妹,3
解釋,3
斤,3
金子,3
緊,3
僅,3
僅僅,3
盡,3
進,3
經,3
經費,3
經過,3
驚訝,3
經驗,3
警察,3
儘管,3
進行,3
進一步,3
酒吧,3
救,3
就,3
就是,3
就算,3
舅舅,3
舅媽,3
居住,3
舉,3
舉辦,3
舉手,3
舉行,3
聚,3
距,3
拒絕,3
距離,3
劇本,3
劇情,3
具有,3
絕對,3
角色,3
軍隊,3
軍人,3
卡車,3
開放,3
開花,3
開朗,3
開始,3
看不起,3
棵,3
科,3
科技,3
科學,3
可,3
可靠,3
可憐,3
渴望,3
可惡,3
可以,3
刻,3
克,3
課程,3
課堂,3
課文,3
克服,3
肯,3
肯定,3
空間,3
空軍,3
恐怕,3
口,3
口味,3
快,3
寬,3
況且,3
誇張,3
擴大,3
拉肚子,3
來,3
來不及,3
來得及,3
藍,3
浪漫,3
老公,3
老虎,3
老婆,3
老實,3
老是,3
樂,3
樂觀,3
樂趣,3
淚,3
冷淡,3
力,3
里,3
練,3
戀愛,3
亮,3
良好,3
連絡,3
聯絡,3
連續劇,3
了不起,3
離婚,3
裡邊,3
厲害,3
理解,3
理論,3
禮堂,3
力量,3
領,3
領導,3
靈魂,3
領域,3
令,3
留言,3
流血,3
留學,3
留學生,3
理想,3
利益,3
旅客,3
旅遊,3
綠,3
律師,3
錄,3
錄取,3
錄音,3
露營,3
龍,3
輪胎,3
嘛,3
麻煩,3
罵,3
滿,3
滿意,3
滿足,3
慢慢,3
慢用,3
毛,3
毛筆,3
毛病,3
貿易,3
馬桶,3
碼頭,3
螞蟻,3
沒,3
每,3
玫瑰,3
美好,3
沒什麼,3
門,3
迷人,3
密切,3
面,3
免費,3
面積,3
面前,3
麵條,3
秒,3
描寫,3
廟,3
米飯,3
米粉,3
迷路,3
秘密,3
明白,3
名詞,3
民國,3
明顯,3
明星,3
命,3
民族,3
陌生,3
摸,3
某,3
木,3
目前,3
木頭,3
那,3
那麼,3
奶,3
耐心,3
南方,3
難怪,3
難看,3
腦,3
腦子,3
拿手,3
哪些,3
內容,3
能夠,3
年,3
年代,3
年齡,3
年年,3
牛仔褲,3
農業,3
女士,3
喔,3
哦,3
排,3
牌子,3
盼望,3
培養,3
配,3
配合,3
碰,3
碰到,3
碰上,3
批評,3
皮,3
皮帶,3
皮膚,3
篇,3
騙子,3
坪,3
平,3
平安,3
平等,3
平時,3
平原,3
品質,3
破壞,3
普遍,3
期,3
起,3
氣,3
鉛筆,3
簽名,3
謙虛,3
前,3
強盜,3
強調,3
搶,3
橋,3
欺負,3
其次,3
期間,3
起飛,3
起來,3
親,3
親切,3
親手,3
親眼,3
親自,3
清,3
青年,3
青少年,3
晴,3
情,3
情況,3
情人,3
請假,3
請教,3
請求,3
慶祝,3
窮,3
求,3
球場,3
球賽,3
球員,3
氣溫,3
企業,3
去,3
去世,3
全,3
全球,3
全身,3
取代,3
缺點,3
卻,3
確定,3
確認,3
讓,3
忍,3
認,3
認得,3
扔,3
仍,3
仍然,3
人家,3
人間,3
人口,3
人類,3
人們,3
人民,3
人人,3
人數,3
人物,3
忍耐,3
任務,3
熱水,3
日出,3
日期,3
如,3
如此,3
如下,3
如意,3
弱,3
森林,3
失戀,3
失去,3
獅子,3
時代,3
十分,3
實話,3
實際,3
時刻,3
實力,3
石頭,3
實行,3
石油,3
實在,3
使得,3
使用,3
事業,3
事實,3
適應,3
市長,3
殺,3
晒,3
傷害,3
商品,3
商業,3
上,3
上當,3
上帝,3
上街,3
山區,3
燒,3
少,3
蛇,3
設備,3
設計,3
升,3
聲,3
生,3
生產,3
聲調,3
生動,3
生活,3
生命,3
生字,3
深入,3
身上,3
省,3
省錢,3
剩,3
剩下,3
甚至,3
收穫,3
收音機,3
熟悉,3
手續,3
首,3
受得了,3
受傷,3
輸,3
蔬菜,3
舒適,3
數,3
數字,3
雙,3
刷牙,3
水餃,3
水平,3
睡著,3
水準,3
樹木,3
順便,3
順利,3
說法,3
說明,3
說起來,3
思考,3
思想,3
似乎,3
寺廟,3
算了,3
隨便,3
隨時,3
所,3
所謂,3
抬,3
態度,3
堂,3
躺,3
談話,3
討厭,3
特地,3
特色,3
特殊,3
田,3
填,3
天堂,3
天天,3
天下,3
條件,3
挑戰,3
題材,3
提到,3
提高,3
提供,3
體會,3
體力,3
體貼,3
體重,3
貼,3
鐵,3
鐵路,3
聽力,3
聽起來,3
聽眾,3
挺,3
通,3
通過,3
通知,3
同,3
同情,3
同事,3
痛苦,3
頭,3
投,3
投資,3
土,3
團體,3
團圓,3
土地,3
推,3
推薦,3
推銷,3
退步,3
退休,3
突然,3
兔子,3
外邊,3
外文,3
外語,3
外祖父,3
外祖母,3
完成,3
玩具,3
晚,3
萬一,3
網,3
往往,3
娃娃,3
維持,3
微笑,3
偉大,3
為,3
未來,3
位置,3
溫度,3
溫暖,3
溫柔,3
文件,3
文學,3
文章,3
文字,3
穩定,3
問好,3
問候,3
握手,3
無,3
無法,3
無論如何,3
無窮,3
無所謂,3
誤會,3
物價,3
西北,3
西餐,3
西方,3
西南,3
吸毒,3
犧牲,3
吸收,3
希望,3
吸引,3
喜愛,3
細,3
細心,3
戲,3
戲劇,3
系統,3
下,3
嚇,3
下來,3
線,3
相對,3
相反,3
相關,3
香水,3
相同,3
詳細,3
響,3
想到,3
想像,3
項,3
相聲,3
限,3
現實,3
現象,3
限制,3
小說,3
小偷,3
小組,3
效果,3
笑話,3
孝順,3
校長,3
嚇一跳,3
協助,3
血,3
謝,3
心得,3
心理,3
心意,3
欣賞,3
新生,3
信,3
信心,3
興奮,3
行動,3
形容,3
行為,3
醒,3
醒來,3
姓,3
性別,3
性格,3
幸好,3
幸虧,3
幸運,3
兇,3
熊貓,3
修,3
修改,3
修理,3
需求,3
需要,3
選舉,3
學費,3
學會,3
學問,3
尋找,3
訓練,3
押金,3
鴨子,3
牙,3
牙齒,3
演,3
演出,3
羊,3
陽光,3
養,3
樣樣,3
煙火,3
眼光,3
演講,3
眼淚,3
演員,3
邀請,3
咬,3
要,3
要不然,3
要不是,3
要緊,3
也好,3
頁,3
夜裡,3
一般來說,3
一點,3
一方面,3
衣櫃,3
依靠,3
一連,3
一生,3
一時,3
一同,3
一向,3
一樣,3
以,3
以及,3
以來,3
以免,3
藝術,3
意外,3
意義,3
陰,3
因此,3
音響,3
引起,3
英俊,3
贏,3
營養,3
影片,3
勇敢,3
擁有,3
永遠,3
用,3
用法,3
用品,3
優點,3
幽默,3
優秀,3
遊客,3
由於,3
有效,3
友誼,3
愉快,3
於是,3
噢,3
與,3
玉,3
玉米,3
預備,3
遇到,3
預習,3
圓,3
員工,3
原諒,3
願望,3
約,3
月餅,3
閱讀,3
樂團,3
雲,3
運氣,3
在,3
在意,3
在於,3
早,3
早日,3
早晚,3
造成,3
噪音,3
增,3
增加,3
責任,3
知,3
之後,3
之間,3
之前,3
直,3
直到,3
值得,3
殖民地,3
植物,3
職業,3
職員,3
指,3
只是,3
只有,3
制度,3
智慧,3
至少,3
至於,3
摘,3
站,3
暫時,3
戰爭,3
掌握,3
障礙,3
著急,3
招待,3
招牌,3
找錢,3
照,3
炸,3
珍貴,3
真理,3
真實,3
真是,3
真心,3
真正,3
整理,3
整齊,3
證明,3
正確,3
證書,3
政治,3
哲學,3
這樣子,3
中部,3
中餐,3
終於,3
種,3
重點,3
重視,3
周圍,3
煮,3
主動,3
主婦,3
主管,3
主任,3
主題,3
主要,3
主意,3
助,3
祝福,3
助理,3
著名,3
狀態,3
專心,3
專業,3
追求,3
準時,3
著,3
資源,3
仔細,3
自從,3
自動,3
自殺,3
自信,3
自在,3
宗教,3
總而言之,3
總算,3
總統,3
總之,3
走走,3
組,3
祖父,3
祖母,3
祖先,3
醉,3
最初,3
最多,3
最後,3
最佳,3
尊敬,3
作,3
做夢,3
作品,3
做人,3
做事,3
作者,3
愛好,4
愛護,4
愛人,4
哎呀,4
哎喲,4
癌症,4
按,4
暗,4
案子,4
骯髒,4
按時,4
安慰,4
暗中,4
安裝,4
熬,4
拔,4
罷工,4
敗,4
拜,4
拜拜,4
拜訪,4
拜年,4
拜託,4
擺脫,4
罷了,4
拌,4
般,4
磅,4
棒,4
棒子,4
辦公,4
傍晚,4
半路,4
辦事,4
半數,4
扮演,4
搬運,4
班長,4
抱,4
報,4
保,4
寶,4
寶寶,4
保持,4
報仇,4
保存,4
報答,4
報到,4
報導,4
包裹,4
報警,4
暴力,4
保留,4
抱歉,4
報社,4
保衛,4
暴躁,4
爆炸,4
保障,4
包裝,4
把握,4
備,4
被子,4
悲劇,4
背面,4
悲痛,4
背心,4
奔,4
本來,4
本領,4
奔跑,4
本身,4
本土,4
笨重,4
閉,4
便,4
扁,4
編,4
變動,4
便利,4
表格,4
表情,4
標題,4
表揚,4
標誌,4
彼此,4
筆記,4
比較,4
比例,4
並,4
丙,4
冰,4
病毒,4
病房,4
並且,4
病情,4
筆試,4
鼻涕,4
必須,4
必要,4
薄,4
撥,4
菠菜,4
波動,4
玻璃,4
薄弱,4
捕,4
補,4
不安,4
補償,4
不成,4
補充,4
不大,4
不當,4
不到,4
不得已,4
部隊,4
不敢當,4
布告,4
布告欄,4
不顧,4
不見得,4
不僅,4
補課,4
不良,4
不平,4
不然,4
不如,4
補習,4
補習班,4
不許,4
不宜,4
不由得,4
部長,4
不止,4
補助,4
踩,4
採,4
財產,4
財富,4
採購,4
才能,4
裁判,4
彩色,4
裁員,4
蠶,4
慘,4
藏,4
倉庫,4
慚愧,4
參與,4
操心,4
操作,4
冊,4
測量,4
策略,4
測試,4
測驗,4
差,4
插,4
差錯,4
插花,4
茶會,4
拆,4
差距,4
產,4
長處,4
場地,4
長度,4
長方形,4
場合,4
長久,4
廠商,4
嘗試,4
常識,4
場所,4
長途,4
產量,4
產業,4
朝,4
抄,4
超出,4
潮流,4
吵鬧,4
鈔票,4
超人,4
潮溼,4
潮濕,4
超越,4
超重,4
插圖,4
茶葉,4
扯,4
澈底,4
徹底,4
沉,4
沈,4
成,4
稱,4
撐,4
成本,4
成分,4
成份,4
成交,4
乘客,4
誠懇,4
成立,4
成人,4
成天,4
成為,4
呈現,4
程序,4
誠意,4
成語,4
陳列,4
車票,4
遲,4
翅,4
翅膀,4
尺寸,4
吃虧,4
持續,4
遲早,4
重,4
沖,4
衝,4
崇拜,4
充分,4
崇高,4
充滿,4
衝突,4
充足,4
愁,4
抽屜,4
處,4
處,4
出,4
初,4
傳播,4
傳達,4
傳單,4
床,4
幢,4
闖,4
床單,4
窗口,4
創新,4
創作,4
傳染,4
傳說,4
傳送,4
傳統,4
傳真,4
初步,4
出產,4
處處,4
儲存,4
處罰,4
除非,4
初級,4
出境,4
出口,4
純,4
出色,4
出身,4
出事,4
出售,4
出席,4
儲蓄,4
出院,4
刺,4
詞典,4
辭典,4
詞彙,4
刺激,4
次數,4
此外,4
辭職,4
從,4
從此,4
從沒,4
從事,4
湊,4
粗,4
催,4
促進,4
存款,4
搓,4
錯過,4
措施,4
錯字,4
粗心,4
打,4
大半,4
打扮,4
打包,4
大便,4
大膽,4
達到,4
大地,4
大都,4
打斷,4
大哥,4
待,4
代,4
帶子,4
代表,4
帶動,4
大夫,4
代溝,4
待會,4
代價,4
貸款,4
代理,4
帶路,4
待遇,4
大街,4
大力,4
大量,4
單,4
單子,4
大腦,4
蛋白質,4
擔保,4
單調,4
當,4
擋,4
檔案,4
當初,4
當選,4
當中,4
膽量,4
誕生,4
單位,4
耽誤,4
膽小,4
到達,4
道路,4
倒楣,4
到期,4
導演,4
導遊,4
大清早,4
打擾,4
大嫂,4
打算,4
大腿,4
大型,4
大意,4
大有,4
打招呼,4
打針,4
大致,4
大眾,4
打字,4
大自然,4
得分,4
得獎,4
得了,4
登,4
凳子,4
等不及,4
等級,4
登記,4
登山,4
等於,4
得罪,4
抵,4
遞,4
滴,4
墊,4
電報,4
電動,4
典禮,4
電器,4
點燃,4
電扇,4
電風扇,4
電視劇,4
電視台,4
電台,4
點頭,4
電線,4
典型,4
電子,4
吊,4
釣,4
雕刻,4
釣魚,4
低潮,4
跌,4
跌倒,4
抵抗,4
地面,4
頂,4
丁,4
盯,4
訂購,4
訂婚,4
定期,4
的確,4
地毯,4
丟臉,4
丟人,4
地下,4
地震,4
洞,4
凍,4
棟,4
動不動,4
動詞,4
懂得,4
冬季,4
動人,4
動身,4
動手,4
動作,4
鬥爭,4
毒,4
度,4
賭,4
斷,4
端,4
鍛鍊,4
度過,4
渡過,4
隊,4
堆,4
對岸,4
對策,4
對待,4
對付,4
對抗,4
對立,4
對於,4
隊員,4
獨立,4
頓,4
噸,4
蹲,4
躲,4
奪,4
多半,4
多多,4
多少,4
多數,4
多謝,4
獨自,4
鵝,4
惡劣,4
而已,4
罰,4
發,4
發動,4
發抖,4
反,4
番,4
翻,4
犯錯,4
反對,4
犯法,4
反覆,4
防,4
方,4
方案,4
放大,4
放棄,4
防守,4
放手,4
放鬆,4
放學,4
防止,4
返回,4
反抗,4
繁忙,4
反面,4
煩惱,4
犯人,4
繁榮,4
反問,4
反映,4
反應,4
反正,4
繁殖,4
犯罪,4
發起,4
發射,4
髮型,4
發行,4
發言,4
發炎,4
發揚,4
發音,4
法院,4
發展,4
法子,4
肥,4
肺,4
費,4
非法,4
廢話,4
肥胖,4
廢氣,4
廢水,4
廢物,4
份,4
粉筆,4
分別,4
分布,4
奮鬥,4
紛紛,4
吩咐,4
逢,4
縫,4
封,4
瘋,4
諷刺,4
封建,4
瘋狂,4
蜂蜜,4
分工,4
風氣,4
風趣,4
風險,4
瘋子,4
粉紅,4
分明,4
憤怒,4
分配,4
分散,4
分手,4
分數,4
分析,4
分享,4
否定,4
否認,4
幅,4
扶,4
服,4
浮,4
付,4
赴,4
副,4
富,4
輔導,4
符號,4
附加,4
婦女,4
夫妻,4
夫人,4
富裕,4
複雜,4
複製,4
該,4
蓋子,4
改革,4
改造,4
改正,4
幹,4
趕,4
肝,4
乾杯,4
幹部,4
乾脆,4
感到,4
感恩,4
鋼,4
鋼筆,4
港幣,4
港口,4
感激,4
趕緊,4
幹嘛,4
感情,4
感染,4
幹什麼,4
感受,4
告,4
高潮,4
告辭,4
高大,4
高度,4
高峰,4
高貴,4
高明,4
高手,4
高原,4
隔,4
各,4
割,4
擱,4
個別,4
歌唱,4
各行各業,4
歌劇,4
革命,4
根本,4
根據,4
歌手,4
個性,4
各自,4
供,4
公布,4
工程,4
工夫,4
公公,4
工會,4
公開,4
公立,4
公平,4
工錢,4
公式,4
共同,4
供應,4
公用,4
公元,4
工資,4
構成,4
構造,4
鼓,4
掛號信,4
怪,4
怪不得,4
慣,4
關,4
罐子,4
管道,4
官方,4
廣,4
光,4
廣大,4
廣泛,4
廣告,4
廣闊,4
光亮,4
光臨,4
光明,4
光榮,4
光是,4
觀光,4
光線,4
關鍵,4
冠軍,4
慣例,4
關上,4
罐頭,4
關於,4
官員,4
管制,4
瓜子,4
孤單,4
古典,4
固定,4
跪,4
規定,4
規畫,4
規劃,4
規律,4
櫃台,4
規則,4
貴族,4
估計,4
鼓勵,4
滾,4
裹,4
過,4
鍋子,4
過程,4
過度,4
過渡,4
國會,4
國籍,4
國際,4
國立,4
過節,4
過濾,4
過敏,4
國旗,4
過期,4
果然,4
過世,4
國中,4
骨,4
骨頭,4
顧問,4
鼓舞,4
故鄉,4
姑丈,4
鼓掌,4
還不如,4
害處,4
海關,4
海軍,4
海外,4
海峽,4
還有,4
含,4
喊,4
行業,4
寒冷,4
含量,4
耗,4
好,4
好客,4
好奇,4
毫無,4
好在,4
號召,4
合,4
何必,4
合不來,4
合成,4
合得來,4
合法,4
合格,4
和好,4
合乎,4
嘿,4
黑暗,4
黑夜,4
何況,4
合理,4
河流,4
恨,4
橫,4
痕跡,4
和平,4
和氣,4
合算,4
合約,4
猴子,4
後代,4
後方,4
後果,4
後悔,4
喉嚨,4
後頭,4
後退,4
後院,4
戶,4
呼,4
鬍子,4
划,4
滑,4
化,4
花草,4
花費,4
壞蛋,4
懷念,4
懷疑,4
懷孕,4
畫面,4
慌,4
皇帝,4
黃豆,4
黃昏,4
緩和,4
歡呼,4
歡樂,4
緩慢,4
歡喜,4
幻想,4
花盆,4
花瓶,4
華僑,4
華人,4
花色,4
花生,4
化學,4
化妝,4
化裝,4
蝴蝶,4
互動,4
灰,4
揮,4
回電,4
回教,4
伊斯蘭教,4
匯款,4
灰色,4
回收,4
回頭,4
灰心,4
回憶,4
會員,4
忽略,4
混,4
昏倒,4
混合,4
昏迷,4
獲,4
禍,4
火柴,4
獲得,4
或多或少,4
活該,4
活力,4
活潑,4
貨物,4
活躍,4
火災,4
忽視,4
戶外,4
呼吸,4
互助,4
級,4
集,4
夾,4
嫁,4
甲,4
家電,4
加工,4
建,4
箭,4
揀,4
撿,4
尖,4
兼,4
煎,4
剪刀,4
堅定,4
降,4
江,4
將,4
降價,4
獎金,4
獎品,4
建國,4
將要,4
漸,4
間接,4
堅決,4
鍵盤,4
健全,4
尖銳,4
監視,4
檢驗,4
監獄,4
建築,4
較,4
角,4
繳,4
澆,4
腳步,4
交代,4
叫喊,4
交換,4
教會,4
交際,4
角落,4
教授,4
郊外,4
交往,4
教學,4
教訓,4
交易,4
假期,4
加上,4
家事,4
駕,4
駕駛,4
加速,4
加以,4
價值,4
基本上,4
疾病,4
嫉妒,4
忌妒,4
結,4
屆,4
解,4
接,4
解除,4
解答,4
接待,4
接到,4
街道,4
階段,4
結構,4
結果,4
結合,4
接見,4
接近,4
結論,4
節慶,4
節省,4
結算,4
街頭,4
接下來,4
界線,4
節約,4
結帳,4
截止,4
戒指,4
及格,4
機構,4
機關,4
集合,4
幾乎,4
即將,4
計較,4
基金,4
急忙,4
寂寞,4
近,4
浸,4
金額,4
靜,4
竟,4
鏡子,4
敬愛,4
精彩,4
精采,4
警告,4
淨化,4
經濟,4
敬酒,4
京劇,4
敬禮,4
精力,4
經歷,4
竟然,4
驚人,4
景色,4
儘管,4
精細,4
經營,4
競爭,4
今後,4
緊急,4
進口,4
近來,4
盡力,4
盡量,4
儘量,4
金錢,4
金融,4
進入,4
近視,4
金屬,4
禁止,4
機票,4
極其,4
既然,4
肌肉,4
即使,4
技術,4
計算,4
酒會,4
救火,4
究竟,4
就是,4
就是說,4
就業,4
糾正,4
機械,4
記性,4
記憶,4
集郵,4
記載,4
急診,4
集中,4
記住,4
局,4
具,4
卷,4
捲,4
捐,4
捐款,4
具備,4
聚餐,4
劇場,4
巨,4
巨大,4
決,4
絕,4
絕不,4
絕大部分,4
絕對,4
覺悟,4
決心,4
鞠躬,4
聚集,4
俱樂部,4
距離,4
舉例,4
劇烈,4
居民,4
軍,4
軍事,4
居然,4
據說,4
具體,4
劇院,4
卡,4
開,4
開除,4
開刀,4
開動,4
開發,4
開戶,4
開課,4
開明,4
開設,4
開拓,4
開演,4
看,4
砍,4
看得起,4
抗議,4
看家,4
看看,4
看來,4
看樣子,4
靠,4
考察,4
靠近,4
考卷,4
考慮,4
考取,4
卡通,4
客房,4
客觀,4
客戶,4
科目,4
可是,4
課外,4
可喜,4
可笑,4
空,4
空,4
恐怖,4
空前,4
控制,4
空中,4
扣,4
口才,4
口號,4
口紅,4
口氣,4
口試,4
口水,4
口音,4
口語,4
跨,4
誇,4
會計,4
快速,4
誇獎,4
寬度,4
款式,4
喇叭,4
來,4
來回,4
來臨,4
來往,4
來信,4
來源,4
來自,4
辣椒,4
爛,4
懶,4
懶得,4
狼,4
浪,4
浪費,4
濫用,4
牢,4
老,4
撈,4
老百姓,4
老大,4
嘮叨,4
勞動,4
勞工,4
老家,4
勞力,4
老年,4
牢騷,4
老實說,4
蠟燭,4
類似,4
類型,4
冷靜,4
冷門,4
冷飲,4
樂意,4
理,4
禮,4
立,4
利,4
粒,4
梨子,4
連,4
量,4
亮,4
倆,4
諒解,4
糧食,4
聯合,4
聯合國,4
連接,4
連忙,4
連續,4
了,4
立場,4
列,4
裂,4
立即,4
淋,4
臨,4
凌晨,4
領帶,4
領導,4
靈活,4
零件,4
零售,4
領土,4
零下,4
領先,4
領袖,4
臨時,4
禮品,4
力氣,4
利潤,4
裡頭,4
溜,4
溜冰,4
流動,4
流利,4
留念,4
例外,4
利息,4
理由,4
嘍,4
摟,4
露,4
路燈,4
綠豆,4
略,4
陸軍,4
論,4
輪子,4
輪船,4
輪流,4
論文,4
落,4
落後,4
落實,4
落伍,4
路線,4
旅行社,4
陸續,4
錄用,4
麻,4
馬虎,4
埋,4
買單,4
買賣,4
賣座,4
滿,4
忙碌,4
盲目,4
漫畫,4
冒,4
矛盾,4
麻雀,4
煤,4
美觀,4
梅花,4
魅力,4
美妙,4
美容院,4
美食,4
媒體,4
猛,4
夢到,4
夢想,4
悶熱,4
門診,4
迷,4
密,4
棉,4
棉被,4
免得,4
面對,4
麵粉,4
棉花,4
面臨,4
面貌,4
勉強,4
面談,4
面子,4
妙,4
滅亡,4
蜂,4
蜜蜂,4
迷糊,4
名,4
命,4
明白,4
名稱,4
名單,4
明亮,4
命令,4
明明,4
名牌,4
名片,4
明確,4
命運,4
民間,4
民謠,4
民眾,4
民主,4
迷失,4
秘書,4
祕書,4
迷信,4
抹,4
磨,4
末,4
模仿,4
模糊,4
模型,4
模樣,4
目標,4
目的地,4
目錄,4
奶粉,4
耐心,4
耐用,4
難道,4
難得,4
難受,4
男性,4
難以,4
鬧,4
腦袋,4
腦筋,4
鬧區,4
哪怕,4
內部,4
內地,4
內行,4
內科,4
能幹,4
能源,4
泥,4
膩,4
黏,4
粘,4
尿,4
捏,4
寧可,4
寧願,4
泥土,4
鈕扣,4
濃,4
農場,4
農產品,4
農村,4
弄錯,4
濃厚,4
農民,4
農夫,4
農藥,4
暖,4
暖氣,4
女性,4
偶而,4
偶爾,4
偶然,4
排,4
派,4
排斥,4
排列,4
排球,4
攀,4
判斷,4
炮,4
砲,4
賠,4
賠償,4
佩服,4
陪同,4
盆,4
噴,4
捧,4
碰見,4
膨脹,4
皮,4
匹,4
批,4
披,4
騙,4
偏,4
片面,4
偏食,4
偏向,4
片子,4
飄,4
屁股,4
疲倦,4
疲勞,4
品德,4
憑,4
平常,4
平衡,4
平靜,4
平均,4
乒乓球,4
桌球,4
拼命,4
聘請,4
貧,4
貧窮,4
批判,4
脾氣,4
頗,4
破爛,4
破裂,4
婆婆,4
迫切,4
撲,4
鋪,4
瀑布,4
普及,4
撲滅,4
普通,4
普通話,4
期,4
起,4
其,4
棋,4
齊,4
旗子,4
妻,4
妻子,4
欠,4
牽,4
遷,4
簽,4
簽訂,4
前方,4
強,4
槍,4
牆,4
牆壁,4
強大,4
強度,4
搶救,4
強烈,4
強迫,4
強人,4
前進,4
前頭,4
前途,4
千萬,4
前往,4
歉意,4
前院,4
簽約,4
簽字,4
巧,4
瞧,4
敲,4
巧妙,4
悄,4
器材,4
起初,4
期待,4
切,4
氣憤,4
氣氛,4
器官,4
氣候,4
起火,4
親愛,4
青,4
清,4
清晨,4
清除,4
清淡,4
輕傷,4
輕視,4
情書,4
清晰,4
傾向,4
清醒,4
情緒,4
侵害,4
親口,4
勤勞,4
親戚,4
親人,4
侵入,4
寢室,4
旗袍,4
欺騙,4
齊全,4
歧視,4
企圖,4
球隊,4
求婚,4
秋季,4
球鞋,4
期望,4
氣味,4
氣息,4
期限,4
氣象,4
汽油,4
其餘,4
取,4
娶,4
勸,4
圈,4
全家,4
權利,4
全面,4
全體,4
拳頭,4
區別,4
取得,4
缺,4
缺乏,4
缺少,4
確實,4
缺席,4
群,4
羣,4
群眾,4
取笑,4
取消,4
區域,4
曲折,4
染,4
然而,4
讓步,4
燃料,4
燃燒,4
繞,4
惹,4
熱愛,4
熱量,4
熱烈,4
熱門,4
任,4
忍不住,4
人才,4
人格,4
人工,4
人力,4
人情味,4
人權,4
人生,4
人事,4
忍受,4
人體,4
人心,4
忍心,4
任性,4
人行道,4
人員,4
熱情,4
熱心,4
日常,4
日後,4
日用品,4
容,4
融化,4
榮幸,4
如,4
入,4
軟,4
如果說,4
如何,4
如今,4
入境,4
如同,4
入學,4
塞,4
塞車,4
賽跑,4
散,4
喪失,4
三角形,4
掃,4
艘,4
色彩,4
色情,4
傻,4
沙,4
殺價,4
沙漠,4
閃,4
山地,4
上,4
傷,4
商標,4
商場,4
上級,4
商量,4
傷腦筋,4
上升,4
上市,4
上述,4
上台,4
上頭,4
上下,4
上游,4
善於,4
扇子,4
稍,4
少年,4
少女,4
少數,4
稍微,4
沙灘,4
沙子,4
射,4
捨不得,4
捨得,4
社交,4
設立,4
神,4
伸,4
身材,4
審查,4
身分,4
身分證,4
勝,4
省,4
升,4
生,4
繩子,4
生詞,4
生存,4
省得,4
升高,4
升級,4
勝利,4
生肖,4
升學,4
生長,4
神話,4
神經,4
深刻,4
神秘,4
神奇,4
神氣,4
深淺,4
申請,4
神聖,4
伸手,4
神仙,4
深夜,4
慎重,4
社區,4
舌頭,4
社團,4
攝影,4
設置,4
使,4
世,4
視,4
詩,4
失敗,4
時常,4
適當,4
失掉,4
是非,4
是否,4
師父,4
師傅,4
施工,4
時機,4
世紀,4
事件,4
市立,4
勢力,4
失眠,4
市民,4
師母,4
食品,4
時期,4
詩人,4
時時,4
實施,4
事實上,4
失望,4
示威,4
事物,4
實現,4
事先,4
實驗,4
試驗,4
式樣,4
視野,4
失業,4
實用,4
適用,4
實在,4
始終,4
受,4
售,4
首,4
受不了,4
受到,4
手電筒,4
首都,4
手段,4
收費,4
手工,4
收集,4
收據,4
收看,4
壽命,4
收入,4
收拾,4
手術,4
首先,4
束,4
數,4
屬,4
鼠,4
老鼠,4
耍,4
甩,4
摔,4
率領,4
衰退,4
雙胞胎,4
雙方,4
輸出,4
疏忽,4
稅,4
水分,4
說服,4
睡眠,4
水災,4
書籍,4
熟練,4
數量,4
樹林,4
數目,4
順,4
順手,4
順序,4
說不定,4
碩士,4
暑期,4
熟人,4
輸入,4
屬於,4
死,4
絲,4
撕,4
四處,4
四方,4
四季,4
私立,4
私人,4
思索,4
死亡,4
飼養,4
四周,4
鬆,4
送行,4
俗,4
算起來,4
算是,4
算帳,4
俗話,4
俗話說,4
隨,4
碎,4
隨手,4
歲數,4
隨意,4
隨著,4
塑膠,4
損失,4
縮,4
縮短,4
縮水,4
素食,4
牠,4
踏,4
塌,4
太極拳,4
太空,4
抬頭,4
彈,4
探,4
趟,4
燙,4
湯圓,4
談判,4
探親,4
探討,4
攤位,4
毯子,4
攤子,4
套,4
逃,4
討,4
掏,4
逃避,4
陶瓷,4
淘氣,4
桃子,4
逃走,4
特別,4
特點,4
提,4
天才,4
天空,4
天然,4
天文,4
田野,4
天真,4
天主教,4
調,4
挑,4
跳高,4
挑選,4
跳遠,4
條約,4
調整,4
貼心,4
挺,4
停止,4
提起,4
提前,4
體溫,4
提醒,4
體驗,4
提早,4
通,4
同,4
銅,4
桶,4
同胞,4
通常,4
通過,4
統計,4
痛快,4
通信,4
通訊,4
統一,4
同志,4
統治,4
頭,4
透,4
偷,4
透過,4
頭腦,4
投票,4
投入,4
投降,4
投資,4
吐,4
禿,4
團,4
團結,4
突出,4
圖畫,4
退,4
退出,4
推動,4
推翻,4
推廣,4
退回,4
途徑,4
吞,4
拖,4
妥當,4
托兒所,4
脫離,4
妥善,4
妥協,4
突破,4
圖書,4
圖章,4
挖,4
歪,4
外表,4
外部,4
外出,4
外地,4
外觀,4
外行,4
外匯,4
外交,4
外界,4
外科,4
彎,4
晚輩,4
完畢,4
望,4
往,4
完美,4
完善,4
玩笑,4
彎腰,4
完整,4
瓦斯,4
圍,4
未,4
尾,4
尾巴,4
違反,4
為何,4
維護,4
未婚,4
危機,4
味精,4
為難,4
委屈,4
衛生,4
維生素,4
維他命,4
委託,4
慰問,4
威脅,4
衛星,4
唯一,4
位於,4
委員,4
吻,4
穩,4
溫,4
溫和,4
文具,4
文憑,4
文物,4
文藝,4
握,4
勿,4
誤,4
霧,4
舞蹈,4
誤點,4
誤會,4
無可奈何,4
物理,4
無論,4
武器,4
無情,4
無數,4
武術,4
舞台,4
舞廳,4
無限,4
無意,4
物質,4
系,4
吸,4
瞎,4
蝦子,4
下巴,4
下降,4
下來,4
蝦米,4
閒,4
嫌,4
現,4
鮮,4
現場,4
現成,4
顯得,4
相,4
巷子,4
象,4
大象,4
想不到,4
香腸,4
相處,4
鄉村,4
相當,4
相互,4
向來,4
項目,4
想念,4
相親,4
相親相愛,4
享受,4
相似,4
響應,4
享有,4
鮮花,4
現金,4
先進,4
羨慕,4
鮮奶,4
顯然,4
顯示,4
鮮血,4
限制,4
顯著,4
消,4
小便,4
校車,4
消除,4
曉得,4
小販,4
消費,4
消化,4
消極,4
效率,4
銷路,4
小麥,4
消滅,4
小氣,4
笑容,4
消失,4
銷售,4
小腿,4
消夜,4
宵夜,4
校友,4
小子,4
下棋,4
下去,4
下午茶,4
下游,4
細胞,4
斜,4
歇,4
血管,4
血型,4
血液,4
寫作,4
媳婦,4
細節,4
喜酒,4
喜劇,4
細菌,4
系列,4
行程,4
形成,4
行動,4
星光,4
行人,4
形式,4
形象,4
性質,4
形狀,4
信號,4
新郎,4
心靈,4
心目中,4
新娘,4
信任,4
心聲,4
新式,4
薪水,4
心跳,4
新興,4
信仰,4
信用,4
心臟,4
雄偉,4
吸取,4
吸食,4
休假,4
休閒,4
修正,4
細小,4
吸菸,4
西裝,4
許,4
懸,4
宣布,4
宣佈,4
宣傳,4
選手,4
靴子,4
雪花,4
學會,4
削減,4
學歷,4
學術,4
學位,4
學業,4
學者,4
尋,4
循環,4
迅速,4
許願,4
須知,4
壓,4
壓力,4
煙,4
菸,4
沿,4
嚴,4
鹽巴,4
延長,4
演唱,4
癢,4
掩蓋,4
嚴格,4
樣品,4
氧氣,4
宴會,4
研究所,4
嚴肅,4
厭惡,4
演奏,4
搖,4
喲,4
腰,4
搖擺,4
要不,4
藥方,4
要好,4
要命,4
藥水,4
搖頭,4
藥物,4
壓迫,4
野,4
葉子,4
夜景,4
野獸,4
業務,4
野心,4
業餘,4
乙,4
以,4
移,4
易,4
億,4
醫,4
一般而言,4
以便,4
一帶,4
一旦,4
一大早,4
移動,4
議會,4
已婚,4
依據,4
一口氣,4
一面,4
移民,4
銀,4
印,4
飲,4
因而,4
引發,4
硬,4
影子,4
影本,4
應當,4
贏得,4
嬰兒,4
應付,4
迎接,4
英雄,4
營養,4
應邀,4
營業,4
影印,4
應用,4
飲食,4
印刷,4
因素,4
印象,4
印章,4
一旁,4
儀器,4
一齊,4
依然,4
衣裳,4
儀式,4
意識,4
一天到晚,4
意外,4
以往,4
疑問,4
義務,4
醫學,4
一一,4
意願,4
一再,4
意志,4
一致,4
擁抱,4
用不著,4
用處,4
用得著,4
擁護,4
擁擠,4
用具,4
用力,4
勇氣,4
用心,4
由,4
油,4
郵差,4
有關,4
友好,4
優惠,4
有力,4
有利,4
優良,4
優美,4
油膩,4
有些,4
遊行,4
猶豫,4
憂鬱,4
優越,4
遇,4
願,4
原本,4
遠大,4
元旦,4
緣故,4
原來,4
原理,4
原料,4
圓滿,4
原始,4
冤枉,4
原先,4
圓形,4
原則,4
原則上,4
原子筆,4
預報,4
語調,4
預定,4
預訂,4
月分,4
月光,4
月球,4
預計,4
遇見,4
娛樂,4
暈,4
運輸,4
運送,4
允許,4
運用,4
運轉,4
與其,4
語氣,4
預算,4
預先,4
預,4
語音,4
砸,4
雜,4
載,4
再度,4
災害,4
在乎,4
災難,4
再三,4
再說,4
贊成,4
葬禮,4
讚美,4
咱們,4
贊同,4
造,4
糟,4
早晨,4
遭到,4
糟糕,4
造句,4
遭受,4
早晚,4
早已,4
遭遇,4
則,4
怎,4
贈,4
贈品,4
贈送,4
增長,4
窄,4
占,4
佔,4
戰場,4
展出,4
漲,4
張,4
章,4
長輩,4
帳單,4
丈夫,4
漲價,4
張開,4
掌聲,4
展開,4
展覽,4
展示,4
占有,4
站住,4
照,4
照常,4
招呼,4
召開,4
招手,4
折,4
者,4
折合,4
折扣,4
折磨,4
陣,4
針,4
震動,4
針對,4
正,4
整,4
爭,4
睜,4
政策,4
政黨,4
正方形,4
政府,4
正規,4
證件,4
整潔,4
正經,4
證據,4
爭論,4
正面,4
證明,4
徵求,4
爭取,4
證實,4
整數,4
整體,4
正月,4
症狀,4
偵探,4
珍惜,4
真心,4
珍珠,4
陣子,4
只,4
止,4
直,4
值,4
擲,4
治,4
至,4
之,4
支持,4
指出,4
支出,4
指導,4
制定,4
制訂,4
指定,4
之間,4
之類,4
支票,4
志氣,4
只是,4
指示,4
職位,4
直線,4
執行,4
秩序,4
志願,4
支援,4
製造,4
製,4
指責,4
紙張,4
制止,4
製作,4
中,4
重,4
腫,4
中,4
重大,4
中毒,4
中級,4
種類,4
重量,4
中年,4
重傷,4
中途,4
重心,4
中央,4
中藥,4
種子,4
種族,4
州,4
周,4
週,4
粥,4
周到,4
竹子,4
賺,4
轉,4
轉變,4
轉播,4
轉達,4
壯,4
撞,4
轉告,4
狀況,4
裝飾,4
轉機,4
專家,4
專利,4
專門,4
專人,4
轉身,4
轉向,4
專業,4
主辦,4
註冊,4
主持,4
主觀,4
祝賀,4
住戶,4
追,4
逐漸,4
主角,4
准,4
準,4
准考證,4
准考証,4
準確,4
捉,4
桌,4
注射,4
主席,4
住院,4
住宅,4
主張,4
紫,4
資本,4
資格,4
資金,4
自來水,4
字幕,4
字母,4
子女,4
自然,4
自私,4
自我,4
自信,4
資訊,4
自願,4
自主,4
總共,4
綜合,4
總理,4
走道,4
走私,4
足,4
組,4
阻礙,4
鑽,4
鑽石,4
足夠,4
祖國,4
罪,4
最少,4
遵守,4
尊重,4
作家,4
做客,4
作為,4
作用,4
足以,4
阻止,4
組織,4
挨,5
欸,5
愛戴,5
愛國,5
愛滋病,5
安頓,5
安撫,5
安寧,5
安詳,5
安置,5
暗暗,5
案件,5
案情,5
按摩,5
昂貴,5
奧妙,5
懊惱,5
八卦,5
八字,5
把持,5
把手,5
白皮書,5
拜會,5
頒發,5
頒獎,5
辦案,5
半島,5
半導體,5
幫,5
綁,5
包袱,5
包圍,5
寶貝,5
寶石,5
飽和,5
飽滿,5
保安,5
保管,5
保齡球,5
保姆,5
保全,5
保險,5
保佑,5
保重,5
報案,5
報表,5
報酬,5
報復,5
報關,5
報價,5
報刊,5
報應,5
報章,5
暴雨,5
爆發,5
抱負,5
碑,5
悲哀,5
悲觀,5
貝殼,5
倍數,5
背誦,5
奔騰,5
本,5
本事,5
本位,5
本性,5
本質,5
崩潰,5
甭,5
敝,5
必,5
編輯,5
編寫,5
編織,5
編制,5
編製,5
邊界,5
邊緣,5
貶,5
貶值,5
匾額,5
辨認,5
辨識,5
辯,5
辯護,5
辯論,5
變革,5
變遷,5
變通,5
變形,5
標籤,5
標語,5
表白,5
表明,5
鼻孔,5
筆錄,5
筆友,5
比率,5
比擬,5
比喻,5
比重,5
必備,5
必定,5
必然,5
閉幕,5
閉塞,5
避難,5
避孕,5
畢生,5
幣值,5
憋,5
別,5
別墅,5
兵,5
賓館,5
柄,5
並列,5
並重,5
併發,5
病床,5
病菌,5
病患,5
波,5
波及,5
波浪,5
剝,5
剝削,5
搏鬥,5
播出,5
補給,5
補救,5
哺乳動物,5
不便,5
不得,5
不等,5
不動產,5
不法,5
不凡,5
不妨,5
不公,5
不及,5
不禁,5
不堪,5
不力,5
不料,5
不免,5
不容,5
不時,5
不惜,5
不下,5
不肖,5
不懈,5
不再,5
不致,5
不知不覺,5
不至於,5
部落,5
部署,5
步調,5
步驟,5
猜測,5
猜忌,5
猜想,5
裁縫,5
裁減,5
財團,5
財政,5
才智,5
採訪,5
採光,5
採納,5
採取,5
彩繪,5
餐具,5
參謀,5
殘暴,5
殘酷,5
殘殺,5
慘重,5
燦爛,5
蒼白,5
蒼蠅,5
操縱,5
草案,5
草叢,5
草率,5
草藥,5
測,5
策畫,5
策劃,5
差額,5
插曲,5
插嘴,5
茶具,5
察覺,5
查明,5
蟬,5
饞,5
潺潺,5
猖獗,5
腸子,5
長遠,5
場次,5
場面,5
倡導,5
唱腔,5
暢銷,5
產物,5
產值,5
超速,5
超脫,5
抄襲,5
吵嘴,5
車輛,5
車廂,5
撤回,5
撤銷,5
沉默,5
沈默,5
沉思,5
沉重,5
沈重,5
塵土,5
呈,5
乘,5
承包,5
承擔,5
承諾,5
成敗,5
成見,5
成就,5
成品,5
成全,5
成效,5
成衣,5
成員,5
成長,5
稱號,5
稱呼,5
撐腰,5
程式,5
呈獻,5
誠心,5
誠心誠意,5
誠摯,5
稱,5
吃驚,5
吃苦,5
吃力,5
持,5
持久,5
持平,5
池子,5
遲鈍,5
充斥,5
充裕,5
沖淡,5
沖天,5
衝動,5
衝擊,5
憧憬,5
重疊,5
崇尚,5
寵愛,5
寵物,5
抽查,5
抽空,5
抽象,5
抽樣,5
仇,5
仇恨,5
稠密,5
出超,5
出錯,5
出發點,5
出局,5
出力,5
出路,5
出馬,5
出賣,5
出面,5
出名,5
出品,5
出示,5
出手,5
出頭,5
出土,5
出息,5
出血,5
初期,5
儲備,5
除此之外,5
鋤頭,5
處,5
處方,5
處分,5
處境,5
處事,5
處於,5
處女,5
穿梭,5
傳,5
傳遞,5
傳奇,5
傳神,5
傳授,5
船隻,5
喘,5
創傷,5
創,5
創辦,5
創立,5
創業,5
吹牛,5
垂,5
垂直,5
辭,5
辭行,5
慈善,5
此刻,5
次,5
次要,5
伺候,5
刺殺,5
匆忙,5
從容,5
從而,5
湊巧,5
粗糙,5
粗魯,5
促,5
促成,5
促使,5
促銷,5
簇擁,5
摧殘,5
摧毀,5
催眠,5
脆弱,5
存貨,5
磋商,5
撮合,5
宅,5
達,5
答覆,5
打,5
打鬥,5
打賭,5
打發,5
打擊,5
打量,5
打獵,5
打牌,5
打手,5
打烊,5
大道,5
大隊,5
大使,5
大選,5
大洋洲,5
呆,5
歹徒,5
逮捕,5
代課,5
怠慢,5
擔,5
擔當,5
擔負,5
單獨,5
單價,5
單據,5
單親,5
單行道,5
膽,5
膽固醇,5
但,5
淡季,5
淡水,5
刀,5
導師,5
導致,5
島嶼,5
道,5
道別,5
道地,5
道士,5
道義,5
到頭來,5
倒數,5
當,5
當兵,5
當代,5
當局,5
當前,5
當心,5
黨派,5
黨員,5
得以,5
登場,5
登陸,5
燈火,5
燈籠,5
等候,5
等價,5
瞪,5
嘀咕,5
底片,5
抵押,5
抵制,5
地表,5
地步,5
地勢,5
地域,5
地獄,5
地質,5
地主,5
締結,5
締造,5
弟兄,5
顛覆,5
典雅,5
點子,5
奠定,5
惦記,5
電工,5
電力,5
電流,5
電壓,5
凋零,5
調,5
調查,5
調度,5
吊橋,5
疊,5
頂,5
定額,5
定義,5
釘,5
丟棄,5
凍結,5
洞穴,5
動產,5
動機,5
動靜,5
動力,5
動亂,5
動脈,5
動態,5
動向,5
動員,5
抖,5
陡,5
逗留,5
鬥志,5
督促,5
獨創,5
獨到,5
獨占,5
獨佔,5
讀物,5
堵,5
堵塞,5
賭博,5
賭場,5
渡,5
度量衡,5
端正,5
短缺,5
短暫,5
斷絕,5
堆積,5
隊伍,5
兌現,5
對比,5
對照,5
對峙,5
頓,5
頓時,5
多寡,5
多虧,5
多媒體,5
多元,5
奪魁,5
躲避,5
墮胎,5
額外,5
惡,5
惡化,5
惡性,5
惡意,5
恩愛,5
恩情,5
恩人,5
恩怨,5
而是,5
而言,5
兒女,5
耳光,5
發,5
發電,5
發瘋,5
發掘,5
發誓,5
發育,5
發作,5
法定,5
法官,5
法令,5
法人,5
法則,5
法制,5
法治,5
翻臉,5
翻身,5
翻新,5
繁多,5
繁體,5
藩籬,5
凡是,5
返,5
反擊,5
反射,5
反省,5
反之,5
犯規,5
販毒,5
販賣,5
方位,5
方向盤,5
方針,5
方正,5
妨礙,5
防備,5
防範,5
防水,5
防衛,5
防禦,5
防治,5
仿冒,5
仿造,5
紡織,5
放蕩,5
放寬,5
放款,5
放任,5
放映,5
放逐,5
非凡,5
飛彈,5
飛快,5
飛翔,5
飛行,5
肥料,5
廢,5
廢除,5
廢棄,5
廢墟,5
廢止,5
費力,5
沸騰,5
肺炎,5
分貝,5
分辨,5
分寸,5
分擔,5
分發,5
分割,5
分化,5
分級,5
分家,5
分解,5
分離,5
分裂,5
分泌,5
分子,5
墳,5
墓,5
墳墓,5
粉刷,5
分量,5
糞,5
封閉,5
封鎖,5
封條,5
風暴,5
風潮,5
風光,5
風化,5
風力,5
風尚,5
風水,5
風行,5
鋒面,5
豐盛,5
豐收,5
縫,5
奉獻,5
奉養,5
佛經,5
佛像,5
否決,5
膚淺,5
敷衍,5
俘虜,5
浮動,5
服從,5
服飾,5
服務,5
服刑,5
幅度,5
福氣,5
輻射,5
斧,5
斧頭,5
撫養,5
撫育,5
腐爛,5
腐蝕,5
腐朽,5
付款,5
負,5
負面,5
富貴,5
富有,5
婦人,5
附上,5
復甦,5
復原,5
賦予,5
該死,5
改編,5
改觀,5
改良,5
改選,5
鈣,5
概,5
概括,5
概況,5
蓋章,5
尷尬,5
干擾,5
干涉,5
乾燥,5
感觸,5
感性,5
趕忙,5
綱領,5
剛強,5
鋼鐵,5
崗位,5
高見,5
高壓,5
告別,5
告狀,5
胳膊,5
歌頌,5
疙瘩,5
鴿子,5
隔閡,5
隔天,5
格局,5
格式,5
格外,5
革新,5
各界,5
個數,5
個體,5
給予,5
跟進,5
跟前,5
根源,5
耕地,5
更動,5
弓,5
工地,5
工讀,5
工藝品,5
公安,5
公費,5
公會,5
公民,5
公認,5
公事,5
公文,5
公務,5
公務員,5
公益,5
公債,5
功勞,5
功利,5
攻,5
攻讀,5
攻擊,5
供給,5
宮殿,5
恭敬,5
恭維,5
鞏固,5
共產,5
共和國,5
共鳴,5
供養,5
勾結,5
溝,5
購,5
構想,5
孤獨,5
孤兒,5
孤立,5
辜負,5
估價,5
古怪,5
古籍,5
古物,5
股,5
股市,5
鼓吹,5
鼓動,5
故,5
雇,5
僱,5
僱用,5
雇用,5
固然,5
固體,5
固有,5
固執,5
顧全,5
蝸牛,5
寡婦,5
拐,5
官,5
官司,5
棺,5
棺材,5
觀,5
觀測,5
觀感,5
觀看,5
觀摩,5
觀望,5
關稅,5
關切,5
關懷,5
關頭,5
關係,5
關照,5
管教,5
管理,5
管線,5
管子,5
貫徹,5
灌,5
灌溉,5
灌輸,5
光顧,5
光滑,5
光輝,5
光芒,5
規範,5
規格,5
規矩,5
歸,5
歸還,5
歸納,5
軌道,5
鬼怪,5
貴,5
貴賓,5
棍子,5
國產,5
國防,5
國境,5
國君,5
國民,5
國營,5
果斷,5
果實,5
果樹,5
果真,5
過關,5
過量,5
過目,5
過人,5
過失,5
過癮,5
過重,5
海拔,5
海面,5
海嘯,5
海運,5
害蟲,5
行號,5
行列,5
航空信,5
航行,5
毫不,5
好比,5
好手,5
好受,5
號,5
號子,5
證券行,5
合併,5
合同,5
合意,5
何,5
何在,5
和解,5
和睦,5
和諧,5
核定,5
核對,5
核算,5
核准,5
核子,5
黑名單,5
黑社會,5
狠,5
狠心,5
哼,5
橫,5
衡量,5
轟動,5
轟轟烈烈,5
紅利,5
紅燒,5
洪水,5
宏偉,5
哄,5
後輩,5
候選人,5
呼籲,5
壺,5
胡亂,5
狐疑,5
戶口,5
互補,5
互惠,5
護,5
花瓣,5
花朵,5
花卉,5
花紋,5
花樣,5
划不來,5
划得來,5
華裔,5
化工,5
化石,5
話劇,5
畫展,5
劃時代,5
懷,5
歡送,5
幻象,5
換取,5
患,5
患者,5
荒唐,5
慌張,5
惶恐,5
恍惚,5
灰塵,5
輝煌,5
回合,5
回絕,5
回升,5
迴響,5
回響,5
毀,5
毀損,5
悔恨,5
匯,5
匯票,5
會見,5
會談,5
會意,5
繪畫,5
賄賂,5
彗星,5
昏,5
渾身,5
混,5
混淆,5
混濁,5
活,5
活期,5
火箭,5
火力,5
火焰,5
火藥,5
伙伴,5
夥伴,5
貨幣,5
貨品,5
豁達,5
積,5
基層,5
基地,5
基督,5
基因,5
機動,5
機警,5
機率,5
機密,5
機器人,5
機制,5
肌膚,5
飢餓,5
饑餓,5
畸形,5
激增,5
及早,5
吉利,5
吉祥,5
汲取,5
即,5
即日,5
即時,5
極端,5
極力,5
極為,5
集合,5
集結,5
集權,5
集體,5
集團,5
急救,5
急躁,5
籍貫,5
擊,5
擊落,5
計,5
暨,5
繼承,5
季風,5
劑量,5
紀律,5
技能,5
技藝,5
祭祀,5
傢伙,5
家家戶戶,5
家屬,5
佳節,5
佳人,5
加緊,5
加快,5
加薪,5
加重,5
枷鎖,5
夾雜,5
假,5
假若,5
假使,5
假象,5
架子,5
架構,5
監督,5
尖端,5
堅固,5
堅忍,5
堅信,5
堅硬,5
兼職,5
艱鉅,5
艱苦,5
艱難,5
簡便,5
簡稱,5
簡化,5
簡體,5
檢討,5
賤,5
濺,5
見解,5
見識,5
見證,5
建造,5
健身,5
健身房,5
健壯,5
將,5
將軍,5
獎勵,5
獎賞,5
獎狀,5
講理,5
講習,5
講義,5
講座,5
交錯,5
交貨,5
交集,5
交情,5
交涉,5
交談,5
焦急,5
腳本,5
攪和,5
轎車,5
叫好,5
教官,5
教化,5
教誨,5
教徒,5
教學,5
教員,5
較量,5
皆,5
階層,5
階級,5
街坊,5
接管,5
接連,5
接納,5
接洽,5
揭幕,5
揭曉,5
截,5
潔白,5
節儉,5
竭力,5
結實,5
結業,5
結緣,5
解答,5
解放,5
解渴,5
解剖,5
解說,5
解體,5
解脫,5
解約,5
屆,5
屆時,5
戒,5
戒備,5
借貸,5
藉口,5
介入,5
金魚,5
津貼,5
緊湊,5
緊密,5
緊縮,5
謹慎,5
近,5
勁,5
進場,5
進度,5
進而,5
進攻,5
進化,5
進軍,5
進修,5
進展,5
晉級,5
禁令,5
精,5
精光,5
精華,5
精明,5
精髓,5
精緻,5
經典,5
經濟,5
經書,5
驚惶,5
驚奇,5
驚喜,5
驚險,5
鯨魚,5
井,5
警報,5
警覺,5
警惕,5
警衛,5
景觀,5
景氣,5
景物,5
景象,5
淨,5
敬,5
敬佩,5
境地,5
靜脈,5
靜態,5
競賽,5
競選,5
競爭,5
揪,5
糾紛,5
酒店,5
酒館,5
酒精,5
就,5
就緒,5
救濟,5
救援,5
居,5
局部,5
局面,5
沮喪,5
舉止,5
舉重,5
巨人,5
拒,5
據悉,5
俱全,5
捐獻,5
捐贈,5
決賽,5
決議,5
抉擇,5
絕大多數,5
絕跡,5
均,5
均衡,5
均勻,5
軍備,5
軍閥,5
軍官,5
軍艦,5
開辦,5
開導,5
開發,5
開飯,5
開放,5
開口,5
開闊,5
開路,5
開幕,5
開盤,5
開闢,5
開啟,5
開頭,5
開銷,5
開業,5
開展,5
開張,5
刊物,5
刊登,5
看守,5
康復,5
慷慨,5
扛,5
抗爭,5
考場,5
考古,5
考量,5
考生,5
考驗,5
烤肉,5
靠,5
刻畫,5
刻劃,5
科幻,5
苛責,5
殼,5
可觀,5
可見,5
可望,5
可行,5
刻薄,5
刻苦,5
刻意,5
客機,5
課業,5
克制,5
吭聲,5
空曠,5
空難,5
空談,5
空運,5
孔,5
恐嚇,5
恐懼,5
口頭,5
口吻,5
扣除,5
苦工,5
苦難,5
苦惱,5
苦衷,5
庫存,5
誇耀,5
跨越,5
快活,5
寬廣,5
寬闊,5
款,5
款待,5
狂風,5
狂妄,5
礦產,5
礦工,5
虧,5
昆蟲,5
捆,5
困,5
困境,5
困擾,5
擴建,5
擴散,5
擴張,5
拉票,5
臘月,5
來賓,5
來得,5
來客,5
欄,5
攔,5
懶惰,5
懶散,5
朗讀,5
朗誦,5
牢,5
勞改,5
勞累,5
老人家,5
老天爺,5
老頭兒,5
老頭子,5
老鄉,5
老子,5
雷,5
雷達,5
雷同,5
累積,5
類似,5
冷凍,5
冷汗,5
冷清,5
勒索,5
哩,5
黎明,5
罹難,5
里程,5
理財,5
理論,5
理所當然,5
理性,5
理學,5
理智,5
禮服,5
禮節,5
禮貌,5
力求,5
力行,5
力學,5
立國,5
立即,5
立體,5
利率,5
利弊,5
例,5
歷屆,5
歷來,5
歷年,5
聯,5
聯盟,5
聯繫,5
連繫,5
聯想,5
連帶,5
連結,5
聯結,5
連任,5
連線,5
廉價,5
廉潔,5
臉龐,5
臉譜,5
良機,5
兩極,5
兩口子,5
遼闊,5
列,5
列車,5
列國,5
列入,5
獵人,5
烈士,5
臨,5
臨床,5
鄰里,5
鈴,5
靈,5
靈感,5
靈驗,5
領隊,5
領會,5
領悟,5
令,5
另,5
流程,5
流傳,5
流落,5
流氓,5
流失,5
流水,5
流通,5
流星,5
流域,5
柳樹,5
籠子,5
籠罩,5
壟斷,5
樓房,5
漏,5
爐子,5
陸地,5
路過,5
露天,5
錄影,5
錄影機,5
輪廓,5
倫理,5
淪陷,5
論點,5
卵,5
囉嗦,5
囉唆,5
鑼,5
邏輯,5
落得,5
落魄,5
落選,5
駱駝,5
驢,5
鋁,5
旅費,5
旅途,5
履歷,5
履行,5
略,5
麻醉,5
馬鈴薯,5
埋伏,5
買賣,5
買主,5
邁,5
邁進,5
麥子,5
瞞,5
蠻橫,5
滿懷,5
漫長,5
蔓延,5
盲從,5
盲人,5
茫然,5
毛毯,5
茂密,5
冒險,5
枚,5
眉毛,5
眉頭,5
每每,5
美滿,5
悶,5
門戶,5
蒙,5
猛,5
猛烈,5
夢見,5
謎,5
謎語,5
迷宮,5
迷惑,5
迷戀,5
彌補,5
密集,5
蜜,5
鳴,5
明白,5
明理,5
明日,5
明智,5
名額,5
名號,5
名氣,5
名勝,5
名聲,5
名堂,5
名下,5
冥想,5
命名,5
命中,5
綿延,5
勉強,5
免稅,5
免疫,5
面孔,5
描繪,5
描述,5
民俗,5
民營,5
敏感,5
敏捷,5
滅,5
模範,5
模具,5
模式,5
魔術,5
末期,5
墨,5
沒落,5
沒收,5
默,5
默契,5
漠視,5
謀生,5
某些,5
畝,5
木材,5
木刻,5
木料,5
木偶,5
沐浴,5
目睹,5
目光,5
目擊,5
牧場,5
幕,5
募集,5
拿,5
納悶,5
納入,5
納稅,5
乃,5
乃是,5
耐,5
耐力,5
男方,5
南極洲,5
難度,5
難關,5
難免,5
難題,5
難民,5
囊括,5
腦海,5
腦力,5
內閣,5
內涵,5
內銷,5
內在,5
內戰,5
內政,5
能量,5
擬,5
擬定,5
念頭,5
娘,5
娘家,5
凝固,5
凝結,5
凝聚,5
凝視,5
扭轉,5
農具,5
農田,5
農作物,5
奴隸,5
努力,5
怒氣,5
挪,5
懦弱,5
諾言,5
女方,5
虐待,5
趴,5
拍馬屁,5
拍攝,5
拍子,5
排除,5
排擠,5
排名,5
派出所,5
派遣,5
派頭,5
判,5
盼,5
旁人,5
旁聽,5
拋,5
拋棄,5
跑道,5
泡,5
泡沫,5
陪伴,5
培訓,5
培育,5
配,5
配給,5
配音,5
噴漆,5
盆地,5
蓬勃,5
捧場,5
批發,5
批准,5
疲憊,5
匹,5
譬如,5
譬如說,5
偏差,5
便宜,5
片刻,5
票,5
拼,5
貧苦,5
貧民,5
品味,5
品種,5
平凡,5
平面,5
平穩,5
平行,5
評估,5
評價,5
評論,5
潑,5
婆家,5
破案,5
破產,5
破除,5
破獲,5
破例,5
破碎,5
迫害,5
魄力,5
樸素,5
曝光,5
暴露,5
漆,5
淒涼,5
欺侮,5
奇觀,5
奇蹟,5
奇妙,5
奇異,5
期貨,5
旗幟,5
乞丐,5
啟,5
啟發,5
啟示,5
啟事,5
起步,5
起伏,5
起碼,5
起源,5
氣概,5
氣管,5
氣派,5
氣勢,5
氣體,5
氣壓,5
契機,5
棄權,5
恰當,5
恰好,5
恰恰,5
洽商,5
洽談,5
鉛,5
牽連,5
簽署,5
千萬,5
謙遜,5
前輩,5
前程,5
前後,5
前景,5
前科,5
前提,5
潛藏,5
潛力,5
虔誠,5
淺薄,5
淺顯,5
腔調,5
牆角,5
強勁,5
強求,5
強權,5
強壯,5
瞧不起,5
橋樑,5
橋梁,5
巧合,5
俏,5
翹,5
峭壁,5
翹課,5
切磋,5
且,5
切實,5
竊賊,5
親,5
親熱,5
親身,5
親生,5
侵犯,5
侵略,5
侵蝕,5
侵襲,5
欽佩,5
琴,5
勤奮,5
青春,5
青翠,5
青蛙,5
清澈,5
清潔,5
清靜,5
清廉,5
清幽,5
清掃,5
傾向,5
輕薄,5
輕蔑,5
輕易,5
情報,5
情操,5
情婦,5
情節,5
情景,5
情侶,5
情趣,5
慶幸,5
丘陵,5
求學,5
求助,5
屈服,5
趨勢,5
渠道,5
取材,5
取締,5
取樣,5
取悅,5
趣味,5
圈,5
圈子,5
拳,5
全力,5
全盤,5
權力,5
權威,5
權益,5
泉源,5
勸導,5
勸告,5
缺陷,5
確保,5
確切,5
確實,5
群島,5
群居,5
染料,5
嚷,5
饒,5
熱潮,5
熱帶,5
熱水瓶,5
仁愛,5
人次,5
人道,5
人禍,5
人際,5
人情,5
人群,5
人士,5
人手,5
人選,5
人造,5
忍痛,5
任,5
任期,5
任意,5
認錯,5
認定,5
日程,5
日光燈,5
日益,5
容量,5
容納,5
容器,5
容許,5
溶,5
溶化,5
融合,5
融洽,5
榮譽,5
揉,5
柔軟,5
肉麻,5
肉體,5
如此,5
儒家,5
入超,5
入口,5
入世,5
軟弱,5
軟體,5
若,5
若干,5
撒謊,5
撒,5
灑,5
賽,5
散文,5
散布,5
散佈,5
喪事,5
嗓子,5
喪生,5
騷動,5
嫂子,5
色澤,5
剎車,5
煞車,5
沙啞,5
傻瓜,5
山峰,5
山谷,5
山脈,5
閃電,5
閃爍,5
閃耀,5
擅長,5
傷害,5
傷口,5
傷亡,5
商榷,5
商討,5
賞,5
尚,5
上吊,5
上好,5
上進,5
上空,5
上路,5
上門,5
上司,5
上下,5
上旬,5
上演,5
上癮,5
上漲,5
燒香,5
奢侈,5
奢望,5
設,5
設施,5
設想,5
射擊,5
射手,5
涉及,5
涉嫌,5
社論,5
攝取,5
攝氏,5
攝影機,5
深奧,5
深沉,5
深度,5
深厚,5
深切,5
深入,5
深造,5
身段,5
身教,5
身為,5
身子,5
伸張,5
神,5
神情,5
審核,5
審判,5
審慎,5
審議,5
甚,5
滲入,5
生火,5
生理,5
生平,5
生氣,5
生前,5
生人,5
生死,5
生態,5
生物,5
生效,5
生硬,5
生育,5
生殖,5
升遷,5
升值,5
聲稱,5
聲明,5
聲勢,5
省,5
省事,5
盛,5
盛情,5
盛行,5
盛裝,5
勝地,5
聖賢,5
失,5
失靈,5
失落,5
失明,5
失事,5
失手,5
失蹤,5
師範,5
施肥,5
施行,5
屍體,5
石膏,5
十足,5
拾,5
時光,5
時節,5
時髦,5
時效,5
實地,5
實踐,5
實況,5
實例,5
實習,5
實證,5
實質,5
屎,5
史料,5
使喚,5
使節,5
使勁,5
使命,5
士兵,5
仕女,5
示範,5
市面,5
市容,5
世代,5
世間,5
世事,5
試卷,5
試圖,5
逝世,5
勢必,5
事故,5
事變,5
事態,5
事務,5
事宜,5
釋放,5
嗜好,5
視為,5
適宜,5
適中,5
收藏,5
收買,5
收縮,5
收聽,5
收益,5
手冊,5
手槍,5
手勢,5
守,5
守護,5
首府,5
首領,5
首席,5
首飾,5
首先,5
首長,5
受害,5
受訓,5
售貨員,5
授課,5
狩獵,5
壽星,5
疏導,5
疏散,5
梳,5
書本,5
書面,5
書寫,5
舒暢,5
舒展,5
輸血,5
束縛,5
樹苗,5
數據,5
率,5
霜,5
雙重,5
雙打,5
爽快,5
水道,5
水稻,5
水晶,5
水庫,5
水力,5
水泥,5
水源,5
水蒸氣,5
順從,5
順應,5
瞬間,5
說謊,5
說笑,5
思潮,5
思念,5
思維,5
絲毫,5
司令,5
斯文,5
私心,5
賜,5
似的,5
似地,5
松,5
松樹,5
慫恿,5
搜集,5
俗稱,5
俗語,5
訴苦,5
素質,5
算命,5
算術,5
雖說,5
隨,5
隨後,5
隨即,5
隨身,5
隨同,5
隧道,5
歲月,5
損,5
損害,5
損壞,5
損傷,5
縮小,5
所得,5
所在,5
索賠,5
瑣碎,5
他人,5
塔,5
踏實,5
台階,5
太平,5
態勢,5
貪,5
貪心,5
痰,5
談論,5
彈性,5
坦克,5
坦然,5
探病,5
探究,5
探索,5
探望,5
探險,5
堂堂,5
倘若,5
陶器,5
逃生,5
逃稅,5
淘汰,5
套房,5
套裝,5
特此,5
特區,5
特權,5
特約,5
特徵,5
疼愛,5
剔除,5
啼,5
提拔,5
提倡,5
提出,5
提及,5
提名,5
提升,5
提昇,5
提議,5
體操,5
體格,5
體積,5
體諒,5
體面,5
體系,5
體質,5
替代,5
添,5
天敵,5
天然氣,5
天性,5
天災,5
田地,5
田徑,5
甜美,5
挑剔,5
調和,5
調節,5
調皮,5
條例,5
挑戰,5
聽寫,5
停頓,5
停留,5
停滯,5
通,5
通報,5
通車,5
通稱,5
通貨膨脹,5
通緝,5
通行,5
通用,5
同伴,5
同化,5
同鄉,5
同心,5
同性戀,5
同業,5
統計,5
統統,5
統制,5
痛恨,5
偷渡,5
偷懶,5
投保,5
投機,5
投入,5
透明,5
徒弟,5
突擊,5
突兀,5
塗,5
圖,5
圖表,5
圖騰,5
土壤,5
團,5
團聚,5
團員,5
推測,5
推崇,5
推出,5
推選,5
退化,5
吞吞吐吐,5
托,5
拖累,5
拖延,5
脫身,5
脫手,5
外號,5
外力,5
外貿,5
外線,5
外銷,5
外遇,5
外在,5
外資,5
彎曲,5
完備,5
玩弄,5
頑強,5
挽,5
挽救,5
萬分,5
萬事,5
萬歲,5
萬萬,5
萬物,5
惋惜,5
亡國,5
往來,5
旺季,5
旺盛,5
威風,5
威力,5
萎縮,5
為,5
為人,5
為生,5
為首,5
為止,5
違背,5
違約,5
危害,5
圍巾,5
圍牆,5
圍繞,5
微弱,5
微小,5
胃,5
胃口,5
未必,5
未婚夫,5
未婚妻,5
未免,5
衛生,5
溫帶,5
溫習,5
溫馴,5
瘟疫,5
文明,5
文壇,5
文獻,5
聞名,5
穩健,5
紊亂,5
問世,5
臥,5
烏龜,5
龜,5
烏鴉,5
汙染,5
無比,5
無線電,5
無形,5
無疑,5
五金,5
武力,5
武士,5
武裝,5
侮辱,5
物產,5
物品,5
物體,5
物資,5
誤差,5
誤解,5
務實,5
西服,5
西洋,5
西醫,5
溪流,5
席,5
席位,5
錫,5
襲擊,5
昔日,5
習題,5
洗禮,5
喜氣,5
喜悅,5
戲曲,5
瑕疵,5
峽谷,5
狹小,5
狹窄,5
下筆,5
下跌,5
下滑,5
下列,5
下水,5
下水道,5
下旬,5
掀,5
仙丹,5
先後,5
先進,5
先驅,5
先天,5
鮮明,5
鮮艶,5
鮮豔,5
纖維,5
嫌疑,5
顯現,5
限度,5
憲法,5
線路,5
陷入,5
獻身,5
現今,5
現行,5
現狀,5
相傳,5
相仿,5
相符,5
相繼,5
相配,5
鄉土,5
香皂,5
鑲,5
想開,5
響亮,5
向,5
嚮導,5
嚮往,5
象徵,5
消毒,5
消防,5
消耗,5
消遣,5
瀟灑,5
逍遙,5
小伙子,5
小夥子,5
效法,5
效勞,5
效力,5
效忠,5
笑嘻嘻,5
孝子,5
協辦,5
協定,5
協會,5
協商,5
協調,5
協議,5
血汗,5
血跡,5
血壓,5
寫實,5
洩氣,5
心愛,5
心軟,5
心事,5
心思,5
心酸,5
心態,5
心疼,5
心胸,5
辛勤,5
辛酸,5
新潮,5
新手,5
新穎,5
信賴,5
信念,5
信徒,5
信息,5
星辰,5
星座,5
興建,5
興隆,5
興起,5
行善,5
行使,5
行星,5
行政,5
刑事,5
形勢,5
形態,5
形體,5
形形色色,5
型態,5
性,5
性能,5
性情,5
興致,5
胸,5
胸口,5
修補,5
修訂,5
修建,5
修女,5
修養,5
修築,5
繡,5
虛擬,5
虛心,5
許,5
許多,5
許久,5
許可,5
酗酒,5
序幕,5
敘述,5
宣稱,5
宣告,5
宣示,5
宣誓,5
宣言,5
宣揚,5
旋律,5
旋轉,5
懸殊,5
崖,5
懸崖,5
選拔,5
選購,5
選民,5
選票,5
選修,5
學分,5
學科,5
學年,5
學識,5
學說,5
學徒,5
學員,5
學制,5
雪人,5
削弱,5
循環,5
巡邏,5
巡視,5
詢問,5
訓,5
押,5
鴉片,5
壓歲錢,5
壓縮,5
壓制,5
牙科,5
芽,5
啞,5
亞軍,5
淹,5
言論,5
岩石,5
延遲,5
延伸,5
延誤,5
延續,5
沿海,5
沿途,5
沿襲,5
沿用,5
嚴禁,5
嚴厲,5
嚴密,5
演變,5
演講,5
演說,5
演習,5
眼界,5
眼看,5
衍生,5
燕窩,5
燕子,5
央求,5
仰,5
仰慕,5
養分,5
養份,5
養老,5
養育,5
邀,5
窯,5
搖晃,5
謠言,5
遙遠,5
要點,5
要犯,5
藥品,5
業績,5
依,5
依舊,5
依據,5
依賴,5
依照,5
醫療,5
醫術,5
醫藥,5
一定,5
一道,5
一度,5
一概,5
一貫,5
一律,5
一味,5
咦,5
儀表,5
遺產,5
遺傳,5
遺憾,5
遺留,5
遺棄,5
遺體,5
遺忘,5
遺志,5
遺址,5
疑慮,5
移植,5
倚,5
以至,5
以致,5
以至於,5
以致於,5
亦,5
一連串,5
一流,5
一如,5
一心,5
液體,5
抑制,5
意識到,5
意圖,5
意味,5
毅力,5
翌日,5
異常,5
異鄉,5
議定,5
議論,5
議題,5
議員,5
音,5
因果,5
陰謀,5
陰影,5
銀幕,5
銀色,5
銀子,5
引,5
引導,5
引進,5
引擎,5
隱藏,5
隱士,5
隱約,5
印證,5
櫻桃,5
英勇,5
應,5
鷹,5
老鷹,5
營地,5
營造,5
迎,5
迎合,5
影射,5
硬,5
硬體,5
應變,5
應酬,5
應急,5
應驗,5
應徵,5
唷,5
湧,5
踴躍,5
用戶,5
用途,5
悠久,5
悠閒,5
優待,5
優勢,5
優先,5
優異,5
鈾,5
由來,5
遊覽,5
油田,5
油條,5
友愛,5
有機,5
有理,5
有所,5
有為,5
有限,5
有形,5
有心人,5
有益,5
有意,5
有緣,5
誘惑,5
幼稚,5
于,5
於,5
逾,5
餘,5
語法,5
愚蠢,5
輿論,5
漁民,5
予,5
予以,5
與會,5
雨季,5
語文,5
宇宙,5
愈,5
玉器,5
預測,5
預防,5
預告,5
預估,5
預賽,5
預約,5
寓言,5
園林,5
元氣,5
元首,5
元素,5
原,5
原形,5
原野,5
原狀,5
原住民,5
原子,5
原子彈,5
援助,5
遠景,5
怨,5
約束,5
躍,5
樂隊,5
運,5
運行,5
孕婦,5
醞釀,5
栽,5
災禍,5
災情,5
在場,5
在世,5
在座,5
再生,5
咱,5
贊助,5
讚嘆,5
讚歎,5
贓物,5
遭,5
遭遇,5
造反,5
造化,5
造物主,5
造型,5
責備,5
增進,5
增強,5
增值,5
扎,5
炸藥,5
沾,5
盞,5
展望,5
展現,5
嶄新,5
占據,5
佔據,5
占領,5
佔領,5
顫抖,5
戰火,5
戰機,5
戰亂,5
戰略,5
戰勝,5
戰士,5
戰術,5
戰線,5
戰友,5
戰戰兢兢,5
張貼,5
長子,5
帳篷,5
丈,5
朝氣,5
著想,5
找尋,5
沼澤,5
召集,5
照例,5
照耀,5
遮,5
遮蔽,5
折騰,5
針灸,5
真情,5
診斷,5
診所,5
鎮定,5
鎮壓,5
振動,5
震驚,5
陣營,5
蒸,5
蒸發,5
蒸氣,5
爭辯,5
爭奪,5
爭論,5
爭氣,5
爭議,5
徵收,5
掙扎,5
整,5
整頓,5
整整,5
正當,5
正面,5
正統,5
正義,5
政績,5
政見,5
政權,5
證券,5
證人,5
掙,5
之內,5
之所以,5
支撐,5
支付,5
支配,5
支應,5
知足,5
脂肪,5
織,5
直徑,5
值班,5
值錢,5
殖民,5
質量,5
質疑,5
職務,5
職責,5
執照,5
執政,5
執著,5
止,5
只得,5
指標,5
指點,5
指揮,5
指控,5
指南針,5
指數,5
指望,5
指紋,5
指引,5
指正,5
至,5
至今,5
治安,5
治本,5
治標,5
治理,5
治療,5
志趣,5
志向,5
致詞,5
致富,5
致力,5
致命,5
致意,5
智力,5
制裁,5
製品,5
滯留,5
中斷,5
中和,5
中立,5
中旬,5
中葉,5
中醫,5
中庸,5
忠實,5
衷心,5
終場,5
終結,5
終究,5
終身,5
種種,5
種植,5
中風,5
中獎,5
中肯,5
中暑,5
重用,5
重鎮,5
周邊,5
周密,5
周詳,5
周遊,5
周轉,5
皺,5
皺紋,5
株,5
諸多,5
逐,5
逐步,5
主導,5
主管,5
主見,5
主力,5
主流,5
主權,5
主人翁,5
主義,5
主宰,5
主旨,5
主軸,5
囑咐,5
矚目,5
注定,5
註定,5
注目,5
注視,5
注重,5
住宿,5
柱子,5
助教,5
助手,5
佇立,5
著作,5
駐,5
抓緊,5
專櫃,5
專員,5
專制,5
磚,5
轉動,5
轉化,5
轉機,5
轉手,5
轉眼,5
轉移,5
轉帳,5
撰寫,5
莊嚴,5
裝備,5
裝潢,5
裝配,5
裝運,5
裝置,5
壯觀,5
壯麗,5
狀元,5
追捕,5
追查,5
追究,5
準,5
準備,5
準則,5
准許,5
卓越,5
著手,5
著眼,5
著重,5
酌量,5
資深,5
資助,5
姿勢,5
姿態,5
滋味,5
子彈,5
子弟,5
子孫,5
紫外線,5
自,5
自稱,5
自費,5
自豪,5
自覺,5
自立,5
自滿,5
自然,5
自身,5
自行,5
自制,5
自治,5
自傳,5
字體,5
字眼,5
字樣,5
宗旨,5
總裁,5
總得,5
總額,5
總和,5
總結,5
總經理,5
總數,5
縱火,5
縱容,5
縱使,5
走廊,5
揍,5
租賃,5
祖宗,5
阻擋,5
阻力,5
阻撓,5
阻塞,5
組裝,5
鑽研,5
嘴唇,5
嘴脣,5
唇,5
脣,5
罪惡,5
罪名,5
罪行,5
尊,5
尊嚴,5
遵循,5
作風,5
作怪,5
作物,5
作戰,5
作證,5
做證,5
坐牢,5
坐鎮,5
座談,5
座右銘,5